""	"TCAAGCGTTGTTCGGAATCACTGGGCGTAAAGCGTGCGTAGGCTGTTTCGTAAGTCGTGTGTGAAAGGCGCGGGCTCAACCCGCGGACGGCACATGATACTGCGAGACTAGAGTAATGGAGGGGGAACCGGAATTCTCGGTGTAGCAGTGAAATGCGTAGATATCGAGAGGAACACTCGTGGCGAAGGCGGGTTCCTGGACATTAACTGACGCTGAGGCACGAAGGCCAGGGG"	"GCAAGCGTTAATCGGAATTACTGGGCGTAAAGCGCACGCAGGCGGTCTGTCAAGTCGGATGTGAAATCCCCGGGCTCAACCTGGGAACTGCATTCGAAACTGGCAGGCTAGAGTCTTGTAGAGGGGGGTAGAATTCCAGGTGTAGCGGTGAAATGCGTAGAGATCTGGAGGAATACCGGTGGCGAAGGCGGCCCCCTGGACAAAGACTGACGCTCAGGTGCGAAAGCGTGGGG"	"GCGAGCGTTAATCGGAATTACTGGGCGTAAAGCGTGCGCAGGCGGTTTGCTAAGACCGATGTGAAATCCCCGGGCTCAACCTGGGAACTGCATTGGTGACTGGCAGGCTAGAGTATGGCAGAGGGGGGTAGAATTCCACGTGTAGCAGTGAAATGCGTAGAGATGTGGAGGAATACCGATGGCGAAGGCAGCCCCCTGGGCCAATACTGACGCTCATGCACGAAAGCGTGGGG"	"CCGAGCGTTGTCCGGATTTATTGGGCGTAAAGCGAGCGCAGGCGGTTTGATAAGTCTGAAGTAAAAGGCTGTGGCTTAACCATAGTATGCTTTGGAAACTGTCAAACTTGAGTGCAGAAGGGGAGAGTGGAATTCCATGTGTAGCGGTGAAATGCGTAGATATATGGAGGAACACCGGTGGCGAAAGCGGCTCTCTGGTCTGTAACTGACGCTGAGGCTCGAAAGCGTGGGG"	"GCAAGCGTTGTCCGGATTTATTGGGCGTAAAGCGAGCGCAGGCGGTTTCTTAAGTCTGATGTGAAAGCCCCCGGCTCAACCGGGGAGGGTCATTGGAAACTGGGAGACTTGAGTGCAGAAGAGGAGAGTGGAATTCCATGTGTAGCGGTGAAATGCGTAGATATATGGAGGAACACCAGTGGCGAAGGCGGCTCTCTGGTCTGTAACTGACGCTGAGGCTCGAAAGCGTGGGG"	"GCAAGCGTTATCCGGAATTATTGGGCGTAAAGAGCGCGCAGGTGGTTAATTAAGTCTGATGTGAAAGCCCACGGCTTAACCGTGGAGGGTCATTGGAAACTGGTTGACTTGAGTGCAGAAGAGGGAAGTGGAATTCCATGTGTAGCGGTGAAATGCGTAGAGATATGGAGGAACACCAGTGGCGAAGGCGGCTTCCTGGTCTGCAACTGACACTGAGGCGCGAAAGCGTGGGG"	"GCGAGCGTTATCCGGATTTATTGGGTTTAAAGGGTGCGTAGGCGGTCCGTTAAGTCAGCGGTAAAATTGCGGGGCTCAACCCCGTCGAGCCGTTGAAACTGGCAGACTTGAGTTGGCGAGAAGTACGCGGAATGCGCGGTGTAGCGGTGAAATGCATAGATATCGCGCAGAACTCCGATTGCGAAGGCAGCGTACCGGCGCCAGACTGACGCTGAGGCACGAAAGCGTGGGG"	"GCAAGCGTTATCCGGAATTATTGGGCGTAAAGAGGGAGCAGGCGGCAGCAAAGGTCTGTGGTGAAAGACTGAAGCTTAACTTCAGTAAGCCATAGAAACCGGGCAGCTAGAGTGCAGGAGAGGATCGTGGAATTCCATGTGTAGCGGTGAAATGCGTAGATATATGGAGGAACACCAGTGGCGAAGGCGACGATCTGGCCTGCAACTGACGCTCAGTCCCGAAAGCGTGGGG"	"GCAAGCGTTGTCCGGATTTATTGGGCGTAAAGCGAGTGCAGGCGGTTCAATAAGTCTGATGTGAAAGCCTTCGGCTCAACCGGAGAATTGCATCAGAAACTGTTGAACTTGAGTGCAGAAGAGGAGAGTGGAACTCCATGTGTAGCGGTGGAATGCGTAGATATATGGAAGAACACCAGTGGCGAAGGCGGCTCTCTGGTCTGCAACTGACGCTGAGGCTCGAAAGCATGGGT"	"GCGAGCGTTATCCGGAATGATTGGGCGTAAAGGGTGCGCAGGCGGCCGGGCAAGTCCGCAGTAAAAACTGGAGGCTCAACCTTCAGGGGCTGCGGAAACTGTCCGGCTGGAGAGCAGGAGAGGACGGTGGAACTCCATGTGTAGCGGTAAAATGCGTAGATATATGGAAGAACACCGGTGGCGAAGGCGGCCGTCTGGCCTGCATCTGACGCTGAGGCACGAAAGCGTGGGG"	"GCGAGCGTTATCCGGATTTATTGGGTTTAAAGGGTGCGTAGGCGGACTGTCAAGTCAGCGGTAAAATTGAGAGGCTCAACCTCTTCCCGCCGTTGAAACTGGTGGTCTTGAGTGGATGAGAAGTACGCGGAATGCGTGGTGTAGCGGTGAAATGCATAGATATCACGCAGAACTCCGATTGCGAAGGCAGCGTACCGGCATCCAACTGACGCTGAGGCACGAAAGCGTGGGG"	"GCTAGCGTTATCCGGAATTACTGGGCGTAAAGGGTGCGTAGGTGGTTTCTTAAGTCAGAGGTGAAAGGCTACGGCTCAACCGTAGTAAGCCTTTGAAACTGGGGAACTTGAGTGCAGGAGAGGAGAGTGGAATTCCTAGTGTAGCGGTGAAATGCGTAGATATTAGGAGGAACACCAGTTGCGAAGGCGGCTCTCTGGACTGTAACTGACACTGAGGCACGAAAGCGTGGGG"	"GCGAGCGTTATCCGGATTTATTGGGTTTAAAGGGTGCGTAGGCGGTCCGTTAAGTCAGCGGTAAAATTGCGGGGCTCAACCCCGTCGAGCCGTTGAAACTGGCAGACTTGAGTTGGCGAGAAGTACGCGGAATGCGCGGTGTAGCGGTGAAATGCATAGATATCGCGCAGAACTCCGATTGCGAAGGCAGCGTACCGGCGCCACACTGACGCTGAGGCACGAAAGCGTGGGG"	"GCAAGCGTTAATCGGAATTACTGGGCGTAAAGCGCACGCAGGCGGTCTGTCAAGTCGGATGTGAAATCCCCGGGCTTAACCTGGGAACTGCATTCGAAACTGGCAGGCTAGAGTCTTGTAGAGGGGGGTAGAATTCCAGGTGTAGCGGTGAAATGCGTAGAGATCTGGAGGAATACCGGTGGCGAAGGCGGCCCCCTGGACAAAGACTGACGCTCAGGTGCGAAAGCGTGGGG"	"GCGAGCGTTATCCGGATTTATTGGGTTTAAAGGGTGCGTAGGCGGACAGTTAAGTCAGCGGTAAAATTGAGAGGCTCAACCTCTTCCCGCCGTTGAAACTGATTGTCTTGAGTGGGCGAGAAGTATGCGGAATGCGTGGTGTAGCGGTGAAATGCATAGATATCACGCAGAACTCCGATTGCGAAGGCAGCATACCGGCGCCCAACTGACGCTGAAGCACGAAAGCGTGGGT"	"GCGAGCGTTGTCCGGATTTACTGGGCGTAAAGGGAGCGTAGGCGGATTTTTAAGTGAGATGTGAAATACCCGGGCTCAACTTGGGTGCTGCATTTCAAACTGGAAGTCTAGAGTGCAGGAGAGGAGAGTGGAATTCCTAGTGTAGCGGTGAAATGCGTAGAGATTAGGAAGAACACCAGTGGCGAAGGCGACTCTCTGGACTGTAACTGACGCTGAGGCTCGAAAGCGTGGGG"	"GCAAGCGTTATCCGGAATTACTGGGTGTAAAGGGTGCGTAGGCGGCACGCCAAGTCAGTTGTGAAACCCGTAGGCTCAACCTACGGCTTGCAATTGAAACTGGCGAGCTAGAGTACAGGAGAGGAAAGCGGAATTCCTAGTGTAGCGGTGAAATGCGTAGATATTAGGAAGAACACCGGTGGCGAAGGCGGCTTTCTGGACTGAAACTGACGCTGAGGCACGAAAGCGTGGGG"	"GCAAGCGTTATCCGGAATGATTGGGCGTAAAGGGTGCGTAGGCGGCAAAATAAGTCTGAAGTAAAAGGCGTTGGCTCAACCAACGTAAGCTTTGGAAACTGTTAAGCTAGCGTGCAGGAGAGGTTAGTGGAATTCCATGTGTAGCGGTAAAATGCGTAGATATATGGAGGAACACCAGTGGCGAAGGCGGCTAACTGGCCTGTAACGGACGCTGAGGCACGAAAGCGTGGGG"	"CCGAGCGTTATCCGGATTTATTGGGTTTAAAGGGAGCGTAGGTGGACAGTTAAGTCAGTTGTGAAAGTTTGCGGCTCAACCGTAAAATTGCAGTTGATACTGGCTGTCTTGAGTACAGTAGAGGTGGGCGGAATTCGTGGTGTAGCGGTGAAATGCTTAGATATCACGAAGAACTCCGATTGCGAAGGCAGCTCACTGGACTGCAACTGACACTGATGCTCGAAAGTGTGGGT"	"GCAAGCGTTATCCGGATTTACTGGGTGTAAAGGGAGCGTAGACGGTAATGTAAGTCTGATGTGAAAGCCCGGGGCTCAACCCCGGGACTGCATTGGAAACTATGTAACTAGAGTACCGGAGAGGTAAGCGGAATTCCTAGTGTAGCGGTGAAATGCGTAGATATTAGGAGGAACACCAGTGGCGAAGGCGGCTTACTGGACGGAAACTGACGTTGAGGCTCGAAAGCGTGGGG"	"GCAAGCGTTATCCGGATTTATTGGGTGTAAAGGGCGTGTAGGCGGGAATGCAAGTCAGATGTGAAAACTATGGGCTCAACCCATAGCCTGCATTTGAAACTGTATTTCTTGAGTGCTGGAGAGGCAATCGGAATTCCGTGTGTAGCGGTGAAATGCGTAGATATACGGAGGAACACCAGTGGCGAAGGCGGATTGCTGGACAGTAACTGACGCTGAGGCGCGAAAGCGTGGGG"	"GCAAGCGTTATCCGGATTTATTGGGTGTAAAGGGTGCGTAGACGGGATAATAAGTTAGTTGTGAAATCCCTCGGCTCAACTGAGGAACTGCAACTAAAACTGTTATTCTTGAGTGTTGGAGAGGAAAGCGGAATTCCTAGTGTAGCGGTGAAATGCGTAGATATTAGGAGGAACACCAGTGGCGAAGGCGGCTTTCTGGACAATAACTGACGTTGAGGCACGAAAGTGTGGGG"	"GCAAGCGTTGTCCGGATTTACTGGGTGTAAAGGGTGCGTAGGCGGTCTTGCAAGTCAGACGTGAAAACCACAGGCTCAACCTGTGGACTGCGTTTGAAACTGTGGGGCTTGAGTGAAGTAGAGGTAGGCGGAATTCCCGGTGTAGCGGTGAAATGCGTAGAGATCGGGAGGAACACCAGTGGCGAAGGCGGCCTACTGGGCTTTAACTGACGCTGAGGCACGAAAGCATGGGT"	"GCAAGCGTTATCCGGATTTACTGGGTGTAAAGGGAGCGTAGACGGCAGCGCAAGTCTGGAGTGAAATGCCGGGGCCCAACCCCGGAACTGCTTTGGAAACTGTGCGGCTCGAGTGCGGGAGAGGTAGGCGGAATTCCTAGTGTAGCGGTGAAATGCGTAGATATTAGGAGGAACACCAGTGGCGAAGGCGGCTTACTGGACCGTAACTGACGTTGAGGCTCGAAAGCGTGGGG"	"GCAAGCGTTATCCGGATTTACTGGGTGTAAAGGGAGCGTAGACGGCGTGCCAAGTCTGATGTGAAAGGCCGGGGCTCAACCCCGGGACTGCATTGGAAACTGGCATGCTAGAGTGCCGGAGGGGCAAGCGGAATTCCTAGTGTAGCGGTGAAATGCGTAGATATTAGGAGGAACACCGGTGGCGAAGGCGGCTTGCTGGACGGTAACTGACGTTGAGGCTCGAAAGCGTGGGG"	"GCAAGCGTTATCCGGATTTACTGGGTGTAAAGGGAGCGTAGACGGCGTGCCAAGTCTGATGTGAAAGGCCGGGGCTCAACCCCGGGACTGCATTGGAAACTGGCATGCTGGAGTGCCGGAGGGGCAAGCGGAATTCCTAGTGTAGCGGTGAAATGCGTAGATATTAGGAGGAACACCGGTGGCGAAGGCGGCTTGCTGGACGGTAACTGACGTTGAGGCTCGAAAGCGTGGGG"	"GCAAGCGTTATCCGGAATTACTGGGTGTAAAGGGAGCGTAGACGGTAATGCAAGTCTGGAGTGAAAGGCGGGGGCCCAACCCCCGGACTGCTCTGGAAACTGTGTAACTGGAGTGCAGGAGAGGCAGGCGGAATTCCTAGTGTAGCGGTGAAATGCGTAGATATTAGGAGGAACACCAGTGGCGAAGGCGGCCTGCTGGACTGTAACTGACGTTGAGGCTCGAAAGCGTGGGG"	"GCAAGCGTTATCCGGATTTACTGGGTGTAAAGGGAGCGTAGACGGCAGCACAAGTCTGGAGTGAAATCCCGGGGCTTAACCCCGGAACTGCTTTGGAAACTGTGCGGCTGGAGTGCAGGAGGGGTAAGCGGAATTCCTAGTGTAGCGGTGAAATGCGTAGATATTAGGAGGAACACCGGTGGCGAAGGCGGCTTACTGGACTGTAACTGACGTTGAGGCTCGAAAGCGTGGGG"	"GCAAGCGTTATCCGGATTTACTGGGTGTAAAGGGAGCGTAGACGGTAATGCAAGTCTGGAGTGAAATGCAGGGGCTCAACCCCTGAACTGCTTTGGAAACTGTATGACTGGAGTGCAGGAGAGGTAAGTGGAATTCCTAGTGTAGCGGTGAAATGCGTAGATATTAGGAGGAACACCAGTGGCGAAGGCGGCTTACTGGACTGTAACTGACGTTGAGGCTCGAAAGCGTGGGG"	"GCAAGCGTTATCCGGATTTACTGGGTGTAAAGGGAGCGTAGACGGTGCAGCAAGTCTGATGTGAAAGGTCGGGGCCCAACCCCGGGACTGCATTGGAAACTGTTGAACTGGAGTACAGGAGAGGTAAGCGGAATTCCTAGTGTAGCGGTGAAATGCGTAGATATTAGGAGGAACACCAGTGGCGAAGGCGGCTTACTGGACTGTAACTGACGTTGAGGCTCGAAAGCGTGGGG"	"GCGAGCGTTGTCCGGATTTACTGGGTGTAAAGGGTGCGTAGGCGGCTTGGCAAGTCAGTAGTGAAATCCATGGGCTTAACCCATGAACTGCTATTGAAACTGTCGAGCTTGAGTGAAGTAGAGGTAGGCGGAATTCCCGGTGTAGCGGTGAAATGCGTAGAGATCGGGAGGAACACCAGTGGCGAAGGCGGCCTACTGGGCTTTAACTGACGCTGAGGCACGAAAGCGTGGGT"	"GCAAGCGTTATCCGGAATTACTGGGTGTAAAGGGAGCGTAGACGGATGTGCAAGTCTGATGTGAAAGGCGGGGGCTCAACCCCTGGACTGCATTGGAAACTGTAAATCTTGAGTGCCGGAGAGGTAAGCGGAATTCCTAGTGTAGCGGTGAAATGCGTAGATATTAGGAGGAACACCAGTGGCGAAGGCGGCTTACTGGACGGTAACTGACGTTGAGGCTCGAAAGCGTGGGG"	"GCAAGCGTTATCCGGATTTACTGGGTGTAAAGGGAGCGTAGGCGGTACGGCAAGTCAGAAGTGAAAGCCTGGGGCTCAACCCCGGAATTGCTTTTGAAACTGTCGAACTAGAGTGTCGGAGGGGTAAGCGGAATTCCTAGTGTAGCGGTGAAATGCGTAGATATTAGGAGGAACACCGGTGGCGAAGGCGGCTTACTGGACGACCACTGACGCTGAGGCTCGAAAGCGTGGGG"	"GCAAGCGTTATCCGGATTTACTGGGTGTAAAGGGAGCGTAGACGGTGATGCAAGTCTGAAGTGAAAGGCGGGGGCTCAACCCCCGGACTGCTTTGGAAACTGTATGACTGGAGTGCAGGAGAGGTAAGTGGAATTCCTAGTGTAGCGGTGAAATGCGTAGATATTAGGAGGAACACCAGTGGCGAAGGCGGCTTACTGGACTGTAACTGACGTTGAGGCTCGAAAGCGTGGGG"	"GCAAGCGTTATCCGGAATTATTGGGCGTAAAGAGTGCGTAGGTGGTTACTTAAGCGCGGGGTTTAAGGCAATGGCTCAACCATTGTTCGCCCTGCGAACTGGGTTACTTGAGTGCAGGAGAGGAAAGCGGAATTCCTAGTGTAGCGGTGAAATGCGTAGATATTAGGAGGAACACCAGTGGCGAAGGCGGCTTTCTGGACTGTTACTGACACTGAGGCACGAAAGTGTGGGG"	"GCAAGCGTTATCCGGAATTATTGGGTGTAAAGGGTGCGTAGACGGGAAATTAAGTTAGTTGTGAAATCCCTTGGCTTAACTGAGGAACTGCAACTAAAACTGATTTTCTTGAGTACTGGAGAGGAAAGTGGAATTCCTAGTGTAGCGGTGAAATGCGTAGATATTAGGAGGAACACCAGTGGCGAAGGCGACTTTCTGGACAGTAACTGACGTTGAGGCACGAAAGTGTGGGG"	"GCAAGCGTTATCCGGATTTACTGGGTGTAAAGGGCGTGTAGGCGGGAAAGCAAGTCAGATGTGAAAACCATGGGCTCAACCTGTGGCCTGCATTTGAAACTGTTTTTCTTGAGTACTGGAGAGGCAGACGGAATTCCTAGTGTAGCGGTGAAATGCGTAGATATTAGGAGGAACACCAGTGGCGAAGGCGGTCTGCTGGACAGCAACTGACGCTGAGGCGCGAAAGCGTGGGG"	"GCAAGCGTTAATCGGAATTACTGGGCGTAAAGCGCGCGTAGGTGGCTTGATAAGCCGGTTGTGAAAGCCCCGGGCTCAACCTGGGAACGGCATCCGGAACTGTCAAGCTAGAGTGCAGGAGAGGAAGGTAGAATTCCCGGTGTAGCGGTGAAATGCGTAGAGATCGGGAGGAATACCAGTGGCGAAGGCGGCCTTCTGGACTGACACTGACACTGAGGTGCGAAAGCGTGGGT"	"GCAAGCGTTGTCCGGATTTACTGGGTGTAAAGGGCGTGTAGCCGGGCTGACAAGTCAGATGTGAAATCCGGGGGCTCAACCCCCGAACTGCATTTGAAACTGTTGGTCTTGAGTATCGGAGAGGCAGGCGGAATTCCTAGTGTAGCGGTGAAATGCGTAGATATTAGGAGGAACACCAGTGGCGAAGGCGGCCTGCTGGACGACAACTGACGGTGAGGCGCGAAAGCGTGGGG"	"GCAAGCGTTGTCCGGATTTACTGGGTGTAAAGGGCGTGCAGCCGGAGAGACAAGTCAGATGTGAAATCCACGGGCTCAACCCGTGAACTGCATTTGAAACTGTTTCCCTTGAGTGTCGGAGAGGTAATCGGAATTCCTTGTGTAGCGGTGAAATGCGTAGATATAAGGAAGAACACCAGTGGCGAAGGCGGATTACTGGACGATAACTGACGGTGAGGCGCGAAAGCGTGGGG"	"GCGAGCGTTAATCGGAATTACTGGGCGTAAAGCGTGCGCAGGCGGTTTGTTAAGCGAGATGTGAAAGCCCCGGGCTCAACCTGGGAACCGCATTTCGAACTGGCAAACTAGAGTCTTGTAGAGGGGGGTAGAATTCCAGGTGTAGCGGTGAAATGCGTAGAGATCTGGAGGAATACCGGTGGCGAAGGCGGCCCCCTGGACAAAGACTGACGCTCAGGCACGAAAGCGTGGGG"	"GCAAGCGTTGTCCGGATTTATTGGGCGTAAAGCGAGCGCAGGCGGTTTCTTAAGTCTGATGTGAAAGCCCACGGCTCAACCGTGGAGGGTCATTGGAAACTGGGGAACTTGAGTGCAGAAGAGGAGAGTGGAATTCCATGTGTAGCGGTGAAATGCGTAGATATATGGAGGAACACCAGTGGCGAAGGCGACTCTCTGGTCTGTAACTGACGCTGAGGCTCGAAAGCGTGGGT"	"GCAAGCGTTATCCGGATTTACTGGGTGTAAAGGGAGCGTAGACGGTCCTGCAAGCCAGATGTGAAAGCCCGGGGCTCAACCCCGGGACTGCATTTGGAACTGTAAGGCTAGAGTGTCGGAGAGGCAGGCGGAATTCCTAGTGTAGCGGTGAAATGCGTAGATATTAGGAGGAACACCAGTGGCGAAGGCGGCCTGCTGGACGATGACTGACGTTGAGGCTCGAAAGCGTGGGG"	"GCAAGCGTTATCCGGATTTACTGGGTGTAAAGGGCGTGTAGGCGGGAGAGCAAGTCAGACGTGAAATTCCAGGGCTCAACCCTGGAACTGCGTTTGAAACTGTTCTTCTTGAGTGATGGAGAGGCAGGCGGAATTCCGTGTGTAGCGGTGAAATGCGTAGATATACGGAGGAACACCAGTGGCGAAGGCGGCCTGCTGGACATTAACTGACGCTGAGGCGCGAAAGCGTGGGG"	"GCAAGCGTTATCCGGATTTACTGGGTGTAAAGGGAGCGTAGACGGCAGCGCAAGTCTGGAGTGAAATCCCATGGCTTAACCATGGAACTGCTTTGGAAACTGTGCAGCTGGAGTGCAGGAGAGGTAAGCGGAATTCCTAGTGTAGCGGTGAAATGCGTAGATATTAGGAGGAACACCAGTGGCGAAGGCGGCTTACTGGACTGTAACTGACGTTGAGGCTCGAAAGCGTGGGG"	"GCAAGCGTTGTCCGGATTTACTGGGTGTAAAGGGCGTGCAGCCGGGACTGCAAGTCAGATGTGAAATCCGCGGGCTTAACCCGCGAACTGCATTTGAAACTGCGGATCTTGAGTACCGGAGAGGTTATCGGAATTCCTTGTGTAGCGGTGAAATGCGTAGATATAAGGAAGAACACCAGTGGCGAAGGCGGATAACTGGACGGCAACTGACGGTGAGGCGCGAAAGCGTGGGG"	"GCAAGCGTTATCCGGAATTATTGGGTGTAAAGGGTGCGTAGACGGGACAGCAAGTTAGTTGTGAAAGCCCTCGGCTTAACTGAGGAACTGCAACTAAAACTATTGTTCTTGAGTGCAGGAGAGGAAAGCGGAATTCCTAGTGTAGCGGTGAAATGCGTAGATATTAGGAGGAACACCAGTGGCGAAGGCGGCTTTCTGGACTGTAACTGACGTTGAGGCACGAAAGTGTGGGG"	"GCGAGCGTTAATCGGAATTACTGGGCGTAAAGCGCGCGTAGGTGGCTTGATAAGCCGGTTGTGAAAGCCCCGGGCTCAACCTGGGAACGGCATCCGGAACTGTCAGGCTAGAGTGCAGGAGAGGAAGGTAGAATTCCCGGTGTAGCGGTGAAATGCGTAGAGATCGGGAGGAATACCAGTGGCGAAGGCGGCCTTCTGGACTGACACTGACACTGAGGTGCGAAAGCGTGGGT"	"GCAAGCGTTATCCGGATTTACTGGGTGTAAAGGGAGCGCAGACGGCTGTGCAAGTCTGGAGTGAAAGGCGGGGGCCCAACCCCCGGACTGCTCTGGAAACTGTAAAGCTGGAGTGCAGGAGAGGTAAGCGGAATTCCTAGTGTAGCGGTGAAATGCGTAGATATTAGGAGGAACACCAGTGGCGAAGGCGGCTTACTGGACTGCAACTGACGTTGAGGCTCGAAAGCGTGGGG"	"GCAAGCGTTATCCGGAATTACTGGGTGTAAAGGGAGCGTAGACGGTGATGCAAGTCTGGAGTGAAAGGCGGGGGCCCAACCCCCGGACTGCTCTGGAAACTGTGTAACTTGAGTGCAGGAGAGGTAAGCGGAATTCCTAGTGTAGCGGTGAAATGCGTAGATATTAGGAGGAACACCAGTGGCGAAGGCGGCTTACTGGACTGTAACTGACGTTGAGGCTCGAAAGCGTGGGG"	"GCAAGCGTTATCCGGATTTACTGGGTGTAAAGGGAGCGTAGACGGTGATGCAAGTCAGAAGTGAAAGCCCGGGGCTCAACTCCGGGACTGCTTTTGAAACTGTGTAACTGGAGTGCAGGAGAGGTAAGCGGAATTCCTGGTGTAGCGGTGAAATGCGTAGATATCAGGAGGAACACCAGTGGCGAAGGCGGCTTACTGGACTGTAACTGACGTTGAGGCTCGAAAGCGTGGGG"	"GCAAGCGTTATCCGGAATCACTGGGTGTAAAGGGAGCGTAGACGGCTGTGCAAGCCTGAAGTGAAAGGCGGGGGCCCAACCCCTGGACTGCTTTGGGAACTGTACGGCTGGAGTGCAGGAGAGGTAAGTGGAATTCCTAGTGTAGCGGTGAAATGCGTAGATATTAGGAGGAACACCAGTGGCGAAGGCGGCTTACTGGACTGTAACTGACGTTGAGGCTCGAAAGCGTGGGG"	"GCGAGCGTTGTCCGGAATGACTGGGCGTAAAGGGAGCGTAGGTTGTTGTTTAAGTTAAATGTGAAAGCCCGCGGCTCAACTGCGGAACTGCATTTAATACTGGACAACTAGAGTGCAGGAGGGGTAAGCGGAATTCCTAGTGTAGCGGTGGAATGCGTAGATATTAGGAAGAACACCAGAGGCGAAGGCGGCTTACTGGACTGTAACTGACACTGAGGCTCGAAAGCGTGGGG"	"GCAAGCGTTATCCGGAATTATTGGGCGTAAAGCGCGCGTAGGCGGTTTCTTAAGTCTGATGTGAAAGCCCACGGCTCAACCGTGGAGGGTCATTGGAAACTGGGAAACTTGAGTGCAGAAGAGGAAAGTGGAATTCCATGTGTAGCGGTGAAATGCGCAGAGATATGGAGGAACACCAGTGGCGAAGGCGACTTTCTGGTCTGTAACTGACGCTGATGTGCGAAAGCGTGGGG"	"CCGAGCGTTGTCCGGATTTATTGGGCGTAAAGCGAGCGCAGGCGGTTCTTTAAGTCTGAAGTTAAAGGCAGTGGCTCAACCATTGTACGCTTTGGAAACTGGAGAACTTGAGTGCAGAAGGGGAGAGTGGAATTCCATGTGTAGCGGTGAAATGCGTAGATATATGGAGGAACACCGGTGGCGAAAGCGGCTCTCTGGTCTGTAACTGACGCTGAGGCTCGAAAGCGTGGGG"	"GCAAGCGTTGTCCGGATTTACTGGGTGTAAAGGGCGTGCAGCCGGGAAGACAAGTCAGATGTGAAATCCCGCGGCTCAACCGCGGAACTGCATTTGAAACTGTTTTTCTTGAGTACCGGAGAGGTCATCGGAATTCCTTGTGTAGCGGTGAAATGCGTAGATATAAGGAAGAACACCAGTGGCGAAGGCGGATGACTGGACGGCAACTGACGGTGAGGCGCGAAAGCGTGGGG"	"GCAAGCGTTATCCGGATTTATTGGGTGTAAAGGGTGCGTAGACGGGAAGGCAAGTTGGTTGTGAAATCCCTCGGCTTAACTGAGGAACTGCAACCAAAACTATCTTTCTTGAGTGCTGGAGAGGAAAGTGGAATTCCTAGTGTAGCGGTGAAATGCGTAGATATTAGGAGGAACACCAGTGGCGAAGGCGACTTTCTGGACAGTAACTGACGTTGAGGCACGAAAGTGTGGGG"	"GCAAGCGTTATCCGGATTTACTGGGTGTAAAGGGAGCGTAGACGGCGAAGCAAGTCTGATGTGAAAGGCAGGGGCTCAACCCCTGGACTGCATTGGAAACTGTTTTGCTAGAGTGCCGGAGAGGTAAGCGGAATTCCTAGTGTAGCGGTGAAATGCGTAGATATTAGGAGGAACACCAGTGGCGAAGGCGGCTTACTGGACGGTAACTGACGTTGAGGCTCGAAAGCGTGGGG"	"GCGAGCGTTGTCCGGATTTACTGGGCGTAAAGGGAGCGTAGGCGGATTTTAAAGTGAGATGTGAAATACCCGGGCTCAACTTGGGTGCTGCATTTCAAACTGGAAGTCTAGAGTGCAGGAGAGGAGAGTGGAATTCCTAGTGTAGCGGTGAAATGCGTAGAGATTAGGAAGAACACCAGTGGCGAAGGCGACTCTCTGGACTGTAACTGACGCTGAGGCTCGAAAGCGTGGGG"	"GCGAGCGTTATCCGGATTCACTGGGTGTAAAGGGAGCGTAGACGGCCGTGCAAGCCAGGAGTGAAAGCCCGGGGCCCAACCCCGGGACTGCTCTTGGAACTGTGCGGCTGGAGTGCGGGAGGGGCAGGCGGAATTCCTGGTGTAGCGGTGAAATGCGTAGATATCAGGAGGAACACCGGCGGCGAAGGCGGCCTGCTGGACCGCGACTGACGTTGAGGCTCGAAAGCGTGGGG"	"GCAAGCGTTATCCGGAATTACTGGGTGTAAAGGGAGCGTAGACGGCAATGCAAGTCCGGAGTGGAATGCGGCAGCTCAACTGCCGAACTGCTCTGGAAACTGTATGGCTTGAGTGCAGGAGGGGTAAGCGGAATTCCTGGTGTAGCGGTGAAATGCGTAGATATCAGGAGGAACACCGGTGGCGAAGGCGGCTTACTGGACTGTAACTGACGTTGAGGCTCGAAAGCGTGGGG"	"GCAAGCGTTATCCGGAATTATTGGGTGTAAAGGGTGCGTAGACGGGATGTCAAGTTAGTTGTGAAATACCTCGGCTCAACTGAGGAACTGCAACTAAAACTAACATTCTTGAGTGCAGGAGAGGAAAGTGGAATTCCTAGTGTAGCGGTGAAATGCGTAGATATTAGGAAGAACATCGGTGGCGAAGGCGACTTTCTGGACTGTAACTGACGTTGAGGCACGAAAGTGTGGGG"	"GCAAGCGTTATCCGGATTTACTGGGTGTAAAGGGAGCGTAGACGGCAGCGCAAGTCTGGAGTGAAATGCCGGGGCCCAACCCCGGAACTGCTTTGGAAACTGTGCAGCTCGAGTGCAGGAGAGGTAAGCGGAATTCCTAGTGTAGCGGTGAAATGCGTAGATATTAGGAGGAACACCAGTGGCGAAGGCGGCTTACTGGACTGTAACTGACGTTGAGGCTCGAAAGCGTGGGG"	"GCAAGCGTTATCCGGATTTACTGGGTGTAAAGGGAGCGTAGACGGTTAAGCAAGTCTGAAGTGAAAGGCGGGGGCTCAACCCCCGGACTGCTTTGGAAACTGTATGACTGGAGTGCAGGAGAGGTAAGTGGAATTCCTAGTGTAGCGGTGAAATGCGTAGATATTAGGAGGAACACCAGTGGCGAAGGCGGCTTACTGGACTGTAACTGACGTTGAGGCTCGAAAGCGTGGGG"	"GCAAGCGTTATCCGGAATGACTGGGCGTAAAGGGTGCGTAGGTGGTTTGACAAGTTAGTAGCGCAACTCCGGAGCTTAACTTCGGAACTACTACTAAAACTGTTGGACTTGAGTGCAGGAGGGGCAATCGGAATTCCTAGTGTAGCGGTGGAATGCGTAGATATTAGGAGGAACACCAGTGGCGAAGGCGGATTGCTAGACTGTAACTGACACTGAGGCACGAAAGCGTGGGG"	"GCAAGCGTTATCCGGATTTATTGGGTGTAAAGGGTGCGTAGACGGAGAAGCAAGTTAGTTGTGAAATCCCTCGGCTTAACTGAGGAACTGCAACTAAAACTACTTCCCTTGAGTACTGGAGAGGAAAGTGGAATTCCTAGTGTAGCGGTGAAATGCGTAGATATTAGGAGGAACACCAGTGGCGAAGGCGACTTTCTGGACAGTAACTGACGTTGAGGCACGAAAGTGTGGGG"	"GCAAGCGTTATCCGGATTTACTGGGTGTAAAGGGAGAGTAGGTGGCAGAGCAAGTCCGAAGTGAAAACCCAAAGCTCAACTATGGGAATGCTTTAGAAACTGCTCAGCTAGAGTGCAGGAGAGGCAAGTGGAATTCTTAGTGTAGCGGTGAAATGCGTAGATATTAGGAGGAACACCAGTGGCGAAGGCGGCTTGCTGGACTGTAACTGACACTGAGGCTCGAAAGCGTGGGG"	"GCGAGCGTTATCCGGAATTACTGGGTGTAAAGGGTGAGTAGGCGGCTGTGCAAGTCATATGTGAAATACAGGGGCTTAACCCCTGTGCCGCATAAGAAACTGTACAGCTTAGAGTGCAGGAGAGGCAAGCGGAATTCCTGGTGTAGCGGTGAAATGCGTAGATATCAGGAAGAACACCGGTGGCGAAGGCGGCTTGCTGGACTGTAACTGACGCTGAGTCACGAAAGCGTGGGG"	"GCAAGCGTTGTCCGGATTTACTGGGTGTAAAGGGCGTGTAGCCGGGTTGACAAGTCAGATGTGAAATCCTGCGGCTTAACCGCAGAACTGCATTTGAAACTGTTGATCTTGAGTACTGGAGAGGCAGACGGAATTCCTAGTGTAGCGGTGAAATGCGTAGATATTAGGAGGAACACCAGTGGCGAAGGCGGTCTGCTGGACAGCAACTGACGGTGAGGCGCGAAAGCGTGGGG"	"GCAAGCGTTATCCGGAATGACTGGGCGTAAAGGGTGCGTAGGTGGTTTGGCAAGTTAGTAGCGTAACCCCGGGGCTCAACCTCGGAACTACTACTAAAACTGTCGGACTTGAGTGCAGGAGGGGCAATTGGAATTCCTAGTGTAGCGGTGGAATGCGTAGATATTAGGAGGAACACCAGTGGCGAAGGCGAATTGCTGGACTGTAACTGACACTGAGGCACGAAAGCGTGGGG"	"GCAAGCGTTATCCGGAATTACTGGGTGTAAAGGGAGCGTAGACGGTGATGTAAGTCTGGAGTGAAAGGCGGGGGCCCAACCCCCGGACTGCTCTGGAAACTATATGACTGGAGTGCAGGAGAGGTGAGCGGAATTCCTAGTGTAGCGGTGAAATGCGTAGATATTAGGAGGAACACCAGTGGCGAAGGCGGCTCACTGGACTGTAACTGACGTTGAGGCTCGAAAGCGTGGGG"	"GCAAGCGTTATCCGGATTTACTGGGTGTAAAGGGAGCGTAGACGGCGATGCAAGTCTGAAGTGAAAGCCCGGGGCTCAACCCCGGGACTGCTTTGGAAACTGTATGGCTGGAGTGCTGGAGAGGCAAGCGGAATTCCTAGTGTAGCGGTGAAATGCGTAGATATTAGGAAGAACACCAGTGGCGAAGGCGGCTTGCTGGACAGTAACTGACGTTGAGGCTCGAAAGCGTGGGG"	"GCAAGCGTTATCCGGATTTACTGGGTGTAAAGGGAGCGTAGGCGGCCTGGCAAGTCTGGTGTGAAAACCCGGGGCCCAACCCCGGGAGTGCATTGGAAACTGCCAGGCTGGAGTGCCGGAGGGGCAGGCGGAATTCCTAGTGTAGCGGTGAAATGCGTAGATATTAGGAGGAACACCGGTGGCGAAGGCGGCCTGCTGGACGGCAACTGACGCTGAGGCTCGAAAGCGTGGGG"	"GCAAGCGTTGTCCGGATTTACTGGGTGTAAAGGGCGTGCAGCCGGGCTGACAAGTCAGATGTGAAATCCCGCGGCTCAACCGCGGAACTGCATTTGAAACTGTTAGTCTTGAGTACCGGAGAGGTCATCGGAATTCCTTGTGTAGCGGTGAAATGCGTAGATATAAGGAAGAACACCAGTGGCGAAGGCGGATGACTGGACGGCAACTGACGGTGAGGCGCGAAAGCGTGGGG"	"GCAAGCGTTATCCGGATTTACTGGGTGTAAAGGGAGCGTAGACGGCGATGCAAGCCTGAAGTGAAAGCCCGGGGCTCAACCCCGGGACTGCTTTGGGAACTGTATGGCTGGAGTGCAGGAGGGGTAGGCGGAATTCCTAGTGTAGCGGTGAAATGCGTAGATATTAGGAGGAACACCGGTGGCGAAGGCGGCCTACTGGACTGTAACTGACGTTGAGGCTCGAAAGCGTGGGG"	"GCAAGCGTTATCCGGATTTACTGGGTGTAAAGGGAGCGTAGACGGAGGAGCAAGTCTGATGTGAAAATCCGGGGCCCAACCCCGGAACTGCATTGGAAACTGTTTATCTAGAGTGTCGGAGAGGCAAGTGGAATTCCTAGTGTAGCGGTGAAATGCGTAGATATTAGGAGGAACACCAGTGGCGAAGGCGGCTTGCTGGACGATGACTGACGTTGAGGCTCGAAAGCGTGGGG"	"GCAAGCGTTATCCGGATTTACTGGGTGTAAAGGGAGCGTAGACGGACTTGCAAGTCTGATGTGAAAATCCGGGGCCCAACCCCGGAACTGCATTGGAAACTGTATATCTAGAGTGTCGGAGAGGCAAGTGGAATTCCTGGTGTAGCGGTGAAATGCGTAGATATCAGGAGGAACACCAGTGGCGAAGGCGGCTTGCTGGACGATGACTGACGTTGAGGCTCGAAAGCGTGGGG"	"GCAAGCGTTATCCGGATTTACTGGGTGTAAAGGGAGCGTAGACGGCGAAGAAAGTCTGAAGTGAAAGCCCGCGGCTCAACCGCGGAACTGCTTTGGAAACTTTTTTGCTGGAGTACCGGAGAGGTAAGCGGAATTCCTAGTGTAGCGGTGAAATGCGTAGATATTAGGAGGAACACCAGTGGCGAAGGCGGCTTACTGGACGGTAACTGACGTTGAGGCTCGAAAGCGTGGGG"	"GCAAGCGTTGTCCGGAATTACTGGGTGTAAAGGGAGCGTAGGCGGGAGGATAAGTTGAATGTGAAATCTATGGGCTCAACCCATAGCTGCGTTCAAAACTGTTCTTCTTGAGTGAAGTAGAGGCAGGCGGAATTCCTAGTGTAGCGGTGAAATGCGTAGATATTAGGAGGAACACCAGTGGCGAAGGCGGCCTGCTGGGCTTTTACTGACGCTGAGGCTCGAAAGCGTGGGT"	"GCAAGCGTTATCCGGATTTACTGGGTGTAAAGGGAGCGTAGGCGGTTCAGCAAGTCAGAAGTGAAAGCCCGGGGCTCAACTCCGGGACTGCTTTTGAAACTGTTGAACTAGATTGCAGGAGAGGTAAGTGGAATTCCTAGTGTAGCGGTGAAATGCGTAGATATTAGGAGGAACACCAGTGGCGAAGGCGGCTTACTGGACTGTAAATGACGCTGAGGCTCGAAAGCGTGGGG"	"GCAAGCGTTATCCGGATTTACTGGGTGTAAAGGGAGCGTAGACGGCGCGGCAAGTCTGAAGTGAAAGGCAGGGGCTTAACCCCTGAACTGCTTTGGAAACTGCCATGCTAGAGTGCTGGAGAGGTAAGTGGAATTCCTAGTGTAGCGGTGAAATGCGTAGATATTAGGAGGAACACCAGTGGCGAAGGCGGCTTACTGGACAGTAACTGACGTTGAGGCTCGAAAGCGTGGGG"	"GCAAGCGTTGTCCGGAATTACTGGGCGTAAAGGGCGCGTAGGTGGGCGCTTAAGTCAGGTGTGAAAACTCCGGGCTCAACCTGGAGACTGCACTTGAAACTGGGTGTCTTGAGGGCAGGAGAGGAAAGTGGAATTCCTAGTGTAGCGGTGAAATGCGTAGATATTAGGAGGAACACCAGTGGCGAAGGCGACTTTCTGGACTGTACCTGACGCTGAGGCGCGAAAGCGTGGGT"	"GCAAGCGTTATCCGGATTTATTGGGCGTAAAGGGCTCGTAGGCGGTTCGTCGCGTCCGGTGTGAAAGTCCATCGCTTAACGGTGGATCCGCGCCGGGTACGGGCGGGCTTGAGTGCGGTAGGGGAGACTGGAATTCCCGGTGTAACGGTGGAATGTGTAGATATCGGGAAGAACACCAATGGCGAAGGCAGGTCTCTGGGCCGTTACTGACGCTGAGGAGCGAAAGCGTGGGG"	"GCAAGCGTTATCCGGAATTATTGGGTGTAAAGGGTGCGTAGACGGGATAACAAGTTGGTTGTGAAACCCCTCGGCTCAACTGAGGAACTGCAACCAAAACTATTATTCTTGAGTGCAGGAGAGGAAAGTGGAATTCCTAGTGTAGCGGTGAAATGCGTAGATATTAGGAAGAACACCGGTGGCGAAGGCGACTTTCTGGACTGTAACTGACGTTGAGGCACGAAAGTGTGGGG"	"GCGAGCGTTATCCGGAATTATTGGGTGTAAAGGGTGCGTAGACGGGAAAGCAAGTTAGTTGTGAAATCCCTCGGCTTAACTGAGGAACTGCAACTAAAACTACTTTTCTTGAGTGCAGGAGAGGTAAGTGGAATTCCTAGTGTAGCGGTGAAATGCGTAGATATTAGGAGGAACACCAGTGGCGAAGGCGACTTACTGGACTGTAACTGACGTTGAGGCACGAAAGTGTGGGG"	"GCAAGCGTTGTCCGGATTTACTGGGTGTAAAGGGCGTGCAGCCGGGTTTATAAGTCAGATGTGAAATCCCGCGGCTCAACCGCGGAACTGCATTTGAAACTGTAGATCTTGAGTACTGGAGAGGCAGGCGGAATTCCTAGTGTAGCGGTGAAATGCGTAGATATTAGGAGGAACACCAGTGGCGAAGGCGGCCTGCTGGACAGCAACTGACGGTGAGGCGCGAAAGCGTGGGG"	"GCAAGCGTTATCCGGATTTACTGGGTGTAAAGGGAGCGTAGACGGCATGGCAAGCCAGATGTGAAATACCGGGGCTCAACCCCGGGACTGCATTTGGAACTGTTAAGCTGGAGTGTCGGAGAGGCAGGCGGAATTCCTAGTGTAGCGGTGAAATGCGTAGATATTAGGAGGAACACCAGTGGCGAAGGCGGCCTGCTGGACGATGACTGACGTTGAGGCTCGAAAGCGTGGGG"	"GCAAGCGTTATCCGGATTTACTGGGTGTAAAGGGAGCGTAGACGGTGATGCAAGTCAGAAGTGAAAGCCCGGGGCTCAACTCCGGGACTGCTTTTGAAACTGTGTGACTGGAGTGCAGGAGAGGTAAGCGGAATTCCTGGTGTAGCGGTGAAATGCGTAGATATCAGGAGGAACACCAGTGGCGAAGGCGGCTTACTGGACTGTAACTGACGTTGAGGCTCGAAAGCGTGGGG"	"GCAAGCGTTATCCGGATTTACTGGGTGTAAAGGGAGCGTAGACGGCAGCGCAAGTCTGGAGTGAAATCCCATGGCTTAACCATGGAACTGCTTTGGAAACTGTGCAGCTAGAGTGCAGGAGAGGTAAGCGGAATTCCTAGTGTAGCGGTGAAATGCGTAGATATTAGGAGGAACACCAGTGGCGAAGGCGGCTTACTGGACTGTAACTGACGTTGAGGCTCGAAAGCGTGGGG"	"GCAAGCGTTGTCCGGAATTACTGGGTGTAAAGGGAGCGTAGGCGGGAAGGCAAGTCAGATGTGAAATCCACAGGCTTAACCTGTGGCGTGCATTTGAAACTGTTTTTCTTGAGTGAAGTAGAGGCAGGCGGAATTCCGAGTGTAGCGGTGAAATGCGTAGATATTCGGAGGAACACCAGTGGCGAAGGCGGCCTGCTGGGCTTTTACTGACGCTGAGGCTCGAAAGCATGGGT"	"GCAAGCGTTATCCGGATTTACTGGGTGTAAAGGGAGCGTAGGTGGCAGGGCAAGTCAGATGTGAAAACCCGGGGCTCAACTCCGGGATTGCATTTGAAACTGTCCGGCTGGAGTGCAGGAGAGGTAAGTGGAATTCCTAGTGTAGCGGTGAAATGCATAGATATTAGGAGGAACACCAGTGGCGAAGGCGGCTTACTGGACTGTAACTGACACTGAGGCTCGAAAGCGTGGGG"	"GCAAGCGTTATCCGGATTTACTGGGTGTAAAGGGAGCGTAGACGGCTTGATAAGTCTGAAGTGAAAGGCCAAGGCTTAACCATGGAACTGCTTTGGAAACTATGAGGCTAGAGTGCTGGAGAGGTAAGCGGAATTCCTAGTGTAGCGGTGAAATGCGTAGATATTAGGAGGAACACCAGTGGCGAAGGCGGCTTACTGGACAGAAACTGACGTTGAGGCTCGAAAGCGTGGGG"	"GCAAGCGTTATCCGGAATTATTGGGCGTAAAGAGTACGTAGGTGGCAACCTAAGCGCAGGGTTTAAGGCAATGGCTCAACCATTGTTCGCCCTGCGAACTGGGATGCTTGAGTGCAGGAGAGGAAAGCGGAATTCCTAGTGTAGCGGTGAAATGCGTAGATATTAGGAGGAACACCAGTGGCGAAGGCGGCTTTCTGGACTGTAACTGACACTGAGGTACGAAAGCGTGGGG"	"GCAAGCGTTGTCCGGAATTACTGGGTGTAAAGGGAGCGCAGGCGGGAAGCCAAGTCAGCTGTGAAAACTACGGGCTTAACTTGTAGACTGCAGTTGAAACTGGTTTTCTTGAGTGAAGTAGAGGTTGGCGGAATTCCGAGTGTAGCGGTGAAATGCGTAGATATTCGGAGGAACACCGGTGGCGAAGGCGGCCAACTGGGCTTTAACTGACGCTGAGGCTCGAAAGTGTGGGG"	"GCAAGCGTTATCCGGAATGACTGGGCGTAAAGGGTGCGTAGGTGGTTTGGCAAGTTAGTAGCGTAACTCCGGAGCTCAACTTCGGAACTACTACTAAAACTGTCGGACTTGAGTGCAGGAGGGGCAACTGGAATTCCTAGTGTAGCGGTGGAATGCGTAGATATTAGGAGGAACACCAGTGGCGAAGGCGAGTTGCTGGACTGTAACTGACACTGAGGCACGAAAGCGTGGGG"	"GCAAGCGTTATCCGGATTTACTGGGTGTAAAGGGAGCGCAGACGGCTGTGCAAGTCTGGAGTGAAAGGCGGGGGCTCAACCCCCGGACTGCTCTGGAAACTGTAAAGCTGGAGTGCAGGAGAGGTAAGCGGAATTCCTAGTGTAGCGGTGAAATGCGTAGATATTAGGAGGAACACCAGTGGCGAAGGCGGCTTACTGGACTGCAACTGACGTTGAGGCTCGAAAGCGTGGGG"	"GCAAGCGTTATCCGGATTTACTGGGTGTAAAGGGAGCGCAGGCGGCTTTGCAAGTCTGATGTGAAAGGCCGGGGCTCAACCCCGGGACTGCATTGGAAACTGTAAAGCTAGAGTGCCGGAGAGGTAAGCGGAATTCCTAGTGTAGCGGTGAAATGCGTAGATATTAGGAGGAACACCAGTGGCGAAGGCGGCTTACTGGACGGCAACTGACGCTGAGGCTCGAAAGCGTGGGG"	"GCGAGCGTTGTCCGGAATTACTGGGTGTAAAGGGAGCGTAGGCGGGGATGCAAGTTGGGTGTTAAATCTACCGGCTCAACTGGTAGTCGCACTCAAAACTGCAGCTCTTGAGTGAAGTAGAGGCAGGCGGAATTCCTAGTGTAGCGGTGAAATGCGTAGATATTAGGAGGAACACCAGTGGCGAAGGCGGCCTGCTGGGCTTTTACTGACGCTGAGGCTCGAAAGTGTGGGG"	"GCAAGCGTTATCCGGATTTACTGGGTGTAAAGGGAGCGCAGGCGGTACGGCAAGTCCGATGTGAAAGCCCGGGGCTCAACCCCGGGACTGCATTGGAAACTGCCGCACTAGAGTGCCGGAGAGGTAAGTGGAATTCCTAGTGTAGCGGTGAAATGCGTAGATATTAGGAGGAACACCAGTGGCGAAGGCGGCTTACTGGACGGTAACTGACGCTGAGGCTCGAAAGCGTGGGG"	"GCAAGCGTTATCCGGATTTACTGGGTGTAAAGGGCGAGTAGGCGGGATTGCAAGTCAGATGTGAAAACTATGGGCTCAACCGATAGAGTGCATTTGAAACTGCAGTTCTTGAGTGATGGAGAGGCAGGCGGAATTCCCGGTGTAGCGGTGGAATGCGTAGATATCGGGAGGAACACCAGTGGCGAAGGCGGCCTGCTGGACATTAACTGACGCTGAGGCGCGAAAGCGTGGGG"	"ACAAGCGTTGTCCGGATTTACTGGGTGTAAAGGGCGCGTAGGCGGGATAGCAAGTCAGTCGTGAAATGCCGAGGCTTAACCTCGGAGCTGCGATTGAAACTGTTATTCTTGAGTATCGGAGAGGAAAGCGGAATTCCTAGTGTAGCGGTGAAATGCGTAGATATTAGGAGGAACACCAGTGGCGAAGGCGGCTTTCTGGACGACAACTGACGCTGAGGCGCGAAAGTGTGGGG"	"GCGAGCGTTATCCGGAATTACTGGGTGTAAAGGGAGCGTAGACGGCGAGGTAAGCCTGAAGTGGAAGCCCGCGGCCCAACCGCGGAACTGCTTTGGGAACTGTTTTGCTGGAGTATGGGAGGGGTAAGCGGAATTCCTGGTGTAGCGGTGAAATGCGTAGATATCAGGAGGAACACCGGTGGCGAAGGCGGCTTACTGGACCATAACTGACGTTGAGGCTCGAAAGCGTGGGG"	"GCAAGCGTTATCCGGAATTACTGGGTGTAAAGGGTGTGTAGGCGGGTTTGCAAGTCAGATGTGAAAATTATGGGCTCAACCCATAACCTGCGTCTGAAACTACAGATCTTGAGAGTGGGAGAGGTAAACGGAATTCCCGGTGTAGCGGTGAAATGCGTAGATATCGGGAGGAACACCAGTGGCGAAGGCGGTTTACTGGACCACAACTGACGCTGAGACACGAAAGCGTGGGG"	"GCAAGCGTTATCCGGATTTACTGGGTGTAAAGGGGGCGCAGACGGCAATGCAAGCCAGGAGTGAAAGCCCGGGGCCCAACCCCGGGACTGCTCTTGGAACTGCATGGCTGGAGTACAGGAGGGGCAGGCGGAATTCCTAGTGTAGCGGTGAAATGCGTAGATATTAGGAGGAACACCGGTGGCGAAGGCGGCCTGCTGGACTGTGACTGACGTTGAGGCCCGAAGGCGTGGGG"	"GCTAGCGTTGTTCGGAATCACTGGGCGTAAAGCGCACGTAGGCGGACTTTTAAGTCAGAGGTGAAAGCCTGGAGCTCAACTTCAGAACTGCCTTTGATACTGGAAGTCTTGAGTCCGGTAGAGGTGAGTGGAACTGCTAGTGTAGAGGTGAAATTCGTAGATATTAGCAAGAACACCAGTGGCGAAGGCGGCTCACTGGACCGGTACTGACGCTGAGGTGCGAAAGCGTGGGG"	"GCAAGCGTTATCCGGATTTATTGGGTGTAAAGGGTGCGTAGACGGAGAAGCAAGTTAGTTGTGAAATCCCTCGGCTTAACTGAGGAACTGCAACTAAAACTACTTCCCTTGAGTGTTGGAGAGGAAAGTGGAATTCCTAGTGTAGCGGTGAAATGCGTAGATATTAGGAGGAACACCAGTGGCGAAGGCGACTTTCTGGACAATAACTGACGTTGAGGCACGAAAGTGTGGGG"
"Plate1-A01"	0.7472	0	0.0112	0	0.11	0.103	0	0.0164	2e-04	0.0078	0	0	0	0	0	0	0	0.0014	0	0	0	0	0	0	0	0	0	0	0	0	0	0	0	0	0	0	0	0	0	0	0	0	0	0	0	0	0	0	0	0	0	0	0	0	0	0	0	0	0	0	0	0	0	0	0	0	0	0	0	0	0	0	0	0	0	0	0	0	0	0	0	0	0	0	0	0	0	0	0	0	0	0	0	0	0	0	0	0	0	0	0	0	0	0	0	0
"Plate1-A02"	0.7602	0	0	0	0.0126	0.2006	0	0	2e-04	0.0182	0	0	0	0	2e-04	0	0	0.003	0	0	0	0	0	0	0	0	0	0	0	0	0	0	0	0	0	0	0	0	0	0	0	0	0	0	0	0	0	0	0	0	0	0	0	0	0	0	0	2e-04	0	0	0	0	0	0	0	0	0	0	0	0	0	0	0	0	0	0	0	0	0	0	0	0	0	0	0	0	0	0	0	0	0	0	0	0	0	0	0	0	0	0	0	0	0	0	0	0
"Plate1-A03"	0.798	0	0	0	0.0214	0.1604	0	0	0	0.015	0	0	0	0	0	0	0	6e-04	0	0	0	0	0	0	0	0	0	0	0	0	0	0	0	0	0	0	0	0	0	0	0	0	0	0	0	0	0	4e-04	0	0	0	0	0	0	0	0	0	2e-04	0	0	0	0	0	0	0	0	0	0	0	0	0	0	0	0	0	0	0	0	0	0	0	0	0	0	0	0	0	0	0	0	0	0	0	0	0	0	0	0	0	0	0	0	0	0	0	0
"Plate1-A04"	0.773	0	0.0022	0	0.005	0.2156	0	0	0	0.0036	0	0	0	0	0	0	0	0	0	0	0	0	0	0	0	0	0	0	0	0	0	0	0	0	0	0	0	0	0	0	0	0	0	0	0	0	0	0	0	0	0	0	0	0	0	0	0	0	0	0	0	0	0	0	0	0	0	0	0	0	0	0	0	0	0	0	0	0	0	0	0	0	0	0	0	0	0	0	0	0	0	0	0	0	0	0	0	0	0	0	0	0	0	0	0	0
"Plate1-A05"	0.692	0	2e-04	0	0.0198	0.0662	0	0.0726	0	0.0012	0	0.0044	0	0	0	0	0	0	0	0	0	0	0	0	0	0	0	0	0	0	0	0	0	0	0	0	0	0	0	0	0	0	0	0	0	0	0	0	0	0	0	0	0	0	0	0	0	2e-04	0	0	0	0	0	0	0	0	0	0	0	0	0	0	0	0	0	0	0	0	0	0	0	0	0	0	0	0	0	0	0	0	0	0	0	0	0	0	0	0	0	0	0	0	0	0	0	0
"Plate1-A06"	0.6932	0	0	0	0.0138	0.155	0	0	0.021	2e-04	0	0	0	0	0	0	2e-04	0	0	0	0	0	0	0	0	0	0	0	0	0	0	4e-04	0	0	0	0	0	0	0	0	0	0	0	0	0	0	0	0	0	0	0	0	0	0	0	0	0	0	0	0	0	0	0	0	0	0	0	0	0	0	0	0	0	0	0	0	0	0	0	0	0	0	0	0	0	0	0	0	0	0	0	0	0	0	0	0	0	0	0	0	0	0	0	0	0	0
"Plate1-A07"	0.8156	0	0	0	0.0206	0.0758	0	0	0.0224	0.0012	0	0	0	0	0	0	0	0	0	0	0	0	0	0	0	0	0	0	0	0	0	0	0	0	0	0	0	0	0	0	0	0	0	0	0	0	0	0	0	0	0	0	0	0	0	0	0	0	0	0	0	0	0	0	0	0	0	0	0	0	0	0	0	0	0	0	0	0	0	0	0	0	0	0	0	0	0	0	0	0	0	0	0	0	0	0	0	0	0	0	0	0	0	0	0	0
"Plate1-A08"	0.7346	0	0.0212	0	0.041	0.1794	0	0	0.0056	0.0012	0	0	0	0	0	0	0	0	0	0	0	0	0	0	0	0	0	0	0	0	0	0	0	0	0	0	0	0	0	0	2e-04	0	0	0	0	0	0	4e-04	0	0	0	0	0	2e-04	0	0	0	0	0	0	0	0	0	0	0	0	0	0	0	0	0	0	0	0	0	0	0	0	0	0	0	0	0	0	0	0	0	0	0	0	0	0	0	0	0	0	0	0	0	0	0	0	0	0	0	0
"Plate1-A09"	0.8536	0	0	0	0.0304	0.0682	0	0	0.019	2e-04	0	0	0	0	0	0	0	4e-04	0	0	0	0	0	0	0	0	0	0	0	0	0	0	0	0	0	0	0	0	0	0	0	0	0	0	0	0	0	0	0	0	0	0	0	0	0	0	0	0	0	0	0	0	0	0	0	0	0	0	0	0	0	0	0	0	0	0	0	0	0	0	0	0	0	0	0	0	0	0	0	0	0	0	0	0	0	0	0	0	0	0	0	0	0	0	0	0
"Plate1-A10"	0.832	0	0.0208	0	0.0102	0.1346	0	0	0.0012	0	0	0	0	0	0	0	0	0	0	0	0	0	0	0	0	0	0	0	0	0	0	0	0	0	0	0	0	0	0	0	0	0	0	0	0	0	0	0	0	0	0	0	0	0	0	0	0	0	0	0	0	0	0	0	0	0	0	0	0	0	0	0	0	0	0	0	0	0	0	0	0	0	0	0	0	0	0	0	0	0	0	0	0	0	0	0	0	0	0	0	0	0	0	0	0	0
"Plate1-A11"	0.6262	0	0.0256	0	0.0082	0.2838	0	0	0.0056	0.0016	0	0	0	0	0	0	0	0	0	0	0	0	0	0	0	0	0	0	0	0	0	0	0	0	0	0	0	0	0	0	0	0	0	0	0	0	0	0	0	0	0	0	0	0	0	0	0	0	0	0	0	0	0	0	0	0	0	0	0	0	0	0	0	0	0	0	0	0	0	0	0	0	0	0	0	0	0	0	0	0	0	0	0	0	0	0	0	0	0	0	0	0	0	0	0	0
"Plate1-A12"	0.8884	0	0.009	0	0.0138	0.0814	0	0	0.0038	0	0	0	0	0	0	0	0	0	0	0	0	0	0	0	0	0	0	0	0	0	0	0	0	0	0	0	0	0	0	0	0	0	0	0	0	0	0	0	0	0	0	0	0	0	0	0	0	0	0	0	0	0	0	0	0	0	0	0	0	0	0	0	0	0	0	0	0	0	0	0	0	0	0	0	0	0	0	0	0	0	0	0	0	0	0	0	0	0	0	0	0	0	0	0	0	0
"Plate1-B01"	0.7766	0	0.0502	0	0.0226	0.133	0	0	0.0046	0	0	0	0	0	0	0	0	0	0	0	0	0	0	0	0	0	0	0	0	0	0	2e-04	0	0	0	0	0	0	0	0	0	0	0	0	0	0	0	0	0	0	0	0	0	0	0	0	0	0	0	0	0	0	0	0	0	0	0	0	0	0	0	0	0	0	0	0	0	0	0	0	0	0	0	0	0	0	0	0	0	0	0	0	0	0	0	0	0	0	0	0	0	0	0	0	0	0
"Plate1-B02"	0.0106	0	0	0.856	0.04	0	0	0	0	6e-04	0.0018	0	0	0	0	0	0	0	0	0	0	0	0	0	0	0	0	0	0	0	0	0	0	0	0	0	0	0.012	0	0	0.0114	0.0282	0	0	0	0	0	0.0082	0	0	0	0	0	0.001	8e-04	0	0	0	0	0	0	0	0	0	0	0	0	0	0	0	0	0	0	0	0	0	0	0	0	0	0	0	0	0	0	0	0	0	0	0	0	0	0	0	0	0	0	0	0	0	0	0	0	0	0	0
"Plate1-B03"	0.0122	0	0	0.7834	0.1116	0	4e-04	0	0	6e-04	0	0	0	0	0	0	0	0	0	0	0	0	0	0	0	0	0	0	0	0	0	0	0	0	0	0	0	0.015	0	0	0.0144	0.0184	0	4e-04	0	0	0	0.0108	0	0	0	0	0	0	0.005	0	0	0	0	0	0	0	0	0	0	0	0	0	0	0	0	0	0	0	0	0	0	0	0	0	0	0	0	0	0	0	0	0	0	0	0	0	0	0	0	0	0	0	0	0	0	0	0	0	0	0
"Plate1-B04"	0.0324	0	0	0.786	0.0594	0	0.0038	0	0	0.0076	0	0	0	0	0	0	0	0	0	0	0	0	0	0	0	0	0	0	0	0	0	0	0	0	0	0	0	0.0182	0	0	0.0164	0.0206	0	0	0	0	0	0.0192	0	0	0	0	0	0.0012	0.0012	0	0	0	0	0	0	0	0	0	0	0	0	0	0	0	0	0	0	0	0	0	0	0	0	0	0	0	0	0	0	0	0	0	0	0	0	0	0	0	0	0	0	0	0	0	0	0	0	0	0	0
"Plate1-B06"	0.003	0	6e-04	0.8882	0.013	0	0	0	4e-04	0.0172	0	0	0	0	0	0.001	0	0	0	0	0	0	0	0	0	0	0	0	0	0	0	0	0	0	0	0	0	0.0124	0	0	0.0176	0.0244	0	0	0	0	0	0.0102	0	0	0	0	0	0	0.0038	0	0	0	0	0	0	0	0	0	0	0	0	0	0	0	0	0	0	0	0	0	0	0	0	0	0	0	0	0	0	0	0	0	0	0	0	0	0	0	0	0	0	0	0	0	0	0	0	0	0	0
"Plate1-B07"	0.0102	0	0	0.8922	0.0076	0	0	0	0	0.0116	0	0	0	0	0	0	0	0	0	0	0	0	0	0	0	0	0	0	0	0	0	0	0	0	0	0	0	0.0152	0	0	0.0062	0.0368	0	0	0	0	0	0	0	0	0	0	0	0.0034	0.0026	0	0	0	0	0	0	0	0	0	0	0	0	0	0	0	0	0	0	0	0	0	0	0	0	0	0	0	0	0	0	0	0	0	0	0	0	0	0	0	0	0	0	0	0	0	0	0	0	0	0	0
"Plate1-B08"	0.0112	0.003	0	0.8748	0.0066	0	0	0	0.001	0.015	0	0	0	0	0	6e-04	0	0	0	0	0	0	0	0	0	0	0	0	0	0	0	0	0	0	0	0	0	0.0142	0	0	0.0104	0.0362	0	0	0	0	0	0.01	0	0	0	0	0	0	0.0014	0	0	0	0	0	0	0	0	0	0	0	0	0	0	0	0	0	0	0	0	0	0	0	0	0	0	0	0	0	0	0	0	0	0	0	0	0	0	0	0	0	0	0	0	0	0	0	0	0	0	0
"Plate1-B09"	0.007	0	0	0.8748	0.0148	0	6e-04	0	0	0.0088	0	0	0	0	0	0	0	0	0	0	0	0	0	0	0	0	0	0	0	0	0	0	0	0	0	0	0	0.0128	0	0	0.0096	0.0338	0	0	0	0	0	0.0066	0	0	0	0	0	0	0.0016	0	0	0	0	0	0	0	0	0	0	0	0	0	0	0	0	0	0	0	0	0	0	0	0	0	0	0	0	0	0	0	0	0	0	0	0	0	0	0	0	0	0	0	0	0	0	0	0	0	0	0
"Plate1-B10"	0.0104	2e-04	0	0.8446	0.0032	8e-04	0	2e-04	0.002	0.0352	0	0	2e-04	0	0	0	0	0	0	0	0	0	0	0	0	0	0	0	0	0	0	0	0	0	0	0	0	0.0072	0	0	0.0132	0.0236	0	0	0	0	0	0.0068	0	0	0	0	0	0	0.0018	0	0	0	0	0	0	0	0	0	0	0	0	0	0	0	0	0	0	0	0	0	0	0	0	0	0	0	0	0	0	0	0	0	0	0	0	0	0	0	0	0	0	0	0	0	0	0	0	0	0	0
"Plate1-B11"	0.022	0	0	0.6754	0.0566	0.004	0	8e-04	0.0104	0.1492	0	0	0	0	0	6e-04	0	0	0	0	0.0022	0	0	0	0	0	0	0	0	0	0	0	0	0	0	0	0	0.015	0	0	0.0126	0.0166	0	0	0	0	0	0.0118	0	0	0	0	0	0.0026	0	0	0	0	0	0	0	0	0	0	0	0	0	0	0	0	0	0	0	0	0	0	0	0	0	0	0	0	0	0	0	0	0	0	0	0	0	0	0	0	0	0	0	0	0	0	0	0	0	0	0	0
"Plate1-B12"	0.0246	0	0	0.7334	0.037	0	0	0	0.0108	0.111	0	0	0	0	0	0	0	0	0	0	0	0	0	0	0	0	0	0	0	0	0	0	0	0	0	0	0	0.0236	0	0	0.0102	0.0204	0	0	0	0	0	0.0074	0	0	0	0	0	0.0024	0.0016	0	0	0	0	0	0	0	0	0	0	0	0	0	0	0	0	0	0	0	0	0	0	0	0	0	0	0	0	0	0	0	0	0	0	0	0	0	0	0	0	0	0	0	0	0	0	0	4e-04	0	0	0
"Plate1-C01"	0.0016	0	0.0014	0.795	0.0142	0	0	0	0.001	0.083	6e-04	0	0	0	0	0	0	0	0	0	0	0	0	0	0	0	0	0	0	0	0	0	0	0	0	0	0	0.0218	0	0	0.021	0.025	0	0	0	0	0	0.0054	0	0	0	0	0	0.0032	0.0024	0	0	0	0	0	0	0	0	0	0	0	0	0	0	0	0	0	0	0	0	0	0	0	0	0	0	0	0	0	0	0	0	0	0	0	0	0	0	0	0	0	0	0	0	0	0	0	0	0	0	0
"Plate1-C02"	0.0394	0	0	0.5544	0.023	0	0	0	0	0.1214	0	0	0	0	0	0	0	0	0	0	0	0	0	0	0	0	0	0	0	0	0	0	0	0	0	0	0	0.0672	0	0	0.0496	0.0408	0	0	0	0	0	0.0516	0	0	0	0	0	0.0172	0	0	0	0	0	0	0	0	0	0	0	0	0	0	0	0	0	0	0	0	0	0	0	0	0	0	0	0	0	0	0	0	0	0	0	0	0	0	0	0	0	0	0	0	0	0	0	0	0	0	0	0
"Plate1-C03"	0.0176	6e-04	0	0.6142	0.0698	0.0038	0	8e-04	0.0028	0.1764	0	0	0	0	0	0	0	0	0	0	0	0	0	0	0	0.0016	0	0	0	0	0	0	0	0	0	0	0	0.0194	0	0	0.0224	0.0136	0	0	0	0	0	0.0138	0	0	0	0	0	0.0226	0	0	0	0	0	0	0	0	0	0	0	0	0	0	0	0	0	0	0	0	0	0	0.0012	0	0	0	0	0	0	0	0	0	0	0	0	0	0	0	0	0	0	0	0	0	0	0	0	0	0	0	0	0
"Plate1-C04"	0.041	0.0012	0	0.7322	0.0704	6e-04	0	0	6e-04	0.0384	0	0	0	0	0	0	0	0	0	0	0	0	0	0	0	0	0	0	0	0	0	0	0	0	0	0	0	0.0242	0	0	0.0202	0.0258	0	0	0	0	0	0.0054	0	0	0	0	0	0.0182	0.0054	0	0	0	0	0	0	0	0	0	0	0	0	0	0	0	0	0	0	0	0	0	0	0	0	0	0	0	0	0	0	0	0	0	0	0	0	0	0	0	0	0	0	0	0	0	0	0	0	0	0	0
"Plate1-C05"	0.0092	0	0	0.77	0.0608	0.0022	0	0	0.0012	0.0574	0	0	0	0	0	0	0	0	0	0	0	0	0	0	0	0	0	0	0	0	0	0	0	0	0	0	0	0.0112	0	0	0.0106	0.0278	0	0	0	0	0	0.0044	0	0	0	0	0	0.0184	0.0044	0	0	0	0	0	0	0	0	0	0	0	0	0	0	0	0	0	0	0	0	0	0	0	0	0	0	0	0	0	0	0	0	0	0	0	0	0	0	0	0	0	0	0	0	0	0	0	0	0	0	0
"Plate1-D09"	0.002	0	0.9702	0.0206	0.002	0	0	0	0	2e-04	0	0	0	0	0	0	0	0	0	0	0	0	0	0	0	0	0	0	0	0	0	0	0	0	0	0	0	0.0016	0	0	0	0	0	0	0	0	0	0	0	0	0	0	0	0	0.0034	0	0	0	0	0	0	0	0	0	0	0	0	0	0	0	0	0	0	0	0	0	0	0	0	0	0	0	0	0	0	0	0	0	0	0	0	0	0	0	0	0	0	0	0	0	0	0	0	0	0	0
"Plate1-D10"	0.0034	0	0.9282	0.0606	0.0016	0	0	0	0	0.0016	0	0	0	0	0	0	0	0	0	0	0	0	0	0	0	0	0	0	0	0	0	0	0	0	0	0	0	0	0	0	0	0	0	0	0	0	0	0.001	0	0	0	0	4e-04	0	0.0024	0	0	0	0	0	0	0	0	0	0	0	0	0	0	0	0	0	0	0	0	0	0	0	0	0	0	0	0	0	0	0	0	0	0	0	0	0	0	0	0	0	0	0	0	0	0	0	0	0	0	0
"Plate1-D11"	0.1226	0	0.847	0.0194	0.0036	0	0	4e-04	0	0.001	0	0	0	0	0	0	0	0	0	0	0	0	0	0	0	0	0	0	0	0	0	0	0	0	0	0	0	0.0018	0	0	6e-04	0	0	0	0	0	0	8e-04	0	0	0	0	0	0	8e-04	0	0	0	0	0	0	0	0	0	0	0	0	0	0	0	0	0	0	0	0	0	0	0	0	0	0	0	0	0	0	0	0	0	0	0	0	0	0	0	0	0	0	0	0	0	0	0	0	0	0	0
"Plate1-D12"	0.0014	0	0.792	0.1778	0.0012	0	0	0	0	0.0016	0	0	0	0	0	0	0	0	0	0	0	0	0	0	0	0	0	0	0	0	0	0	0	0	0	0	0	0.0022	0	0	2e-04	0.0012	0	0	0	0	0	0	0	0	0	0	0	4e-04	0.0032	0	0	0	0	0	0	0	0	0	0	0	0	0	0	0	0	0	0	0	0	0	0	0	0	0	0	0	0	0	0	0	0	0	0	0	0	0	0	0	0	0	0	0	0	0	0	0	0	0	0	0
"Plate1-E01"	0.0182	0.0014	0.0228	0.0966	0.0072	0	0	0	0	0.0216	0	0	0	0	0	0.0022	0	0	0	0	0	0	0	0	0	0	0	0	0	0	0	0	0	0	0	0	0	0.0048	0	0	0.009	0.0014	0	0	0	0	0	0.0036	0	0	0	0	2e-04	0.0014	0.004	0	0	0	0	0	0	0	0	0	8e-04	0	0	0	0	0	0	0	0	0	0	0	2e-04	0	0	0	0	0	0	0	0	0	0	0	0	0	0	0	0	0	0	0	0	0	0	0	0	0	0	0	0	0
"Plate1-E02"	0.0042	6e-04	0.8564	0.066	0.0012	0	0	2e-04	0	0.001	0	0	0	0	0	0	0	0	0	0	0	0	0	0	0	0	0	0	0	0	0	0	0	0	0	0	0	0.0014	0	0	8e-04	4e-04	0	0	0	0	0	0.0012	0	0	0	0	0	2e-04	0.0052	0	0	0	0	0	0	0	0	0	0	0	0	0	0	0	0	0	0	0	0	0	0	0	0	0	0	0	0	0	0	0	0	0	0	0	0	0	0	0	0	0	0	0	0	0	0	0	0	0	4e-04	0
"Plate1-E03"	0.0036	0	0.031	0.2788	0.002	0	0	0	0	0.002	4e-04	0	0	0	0	0	0	0	0	0	0	0	0	0	0	0	0	0	0	0	0	0	0	0	0	0	0	6e-04	0	0	0.0012	0.0018	0	0	0	0	0	6e-04	0	0	0	0	0	0	0.0024	0	0	0	0	0	0	0	0	0	0	0	0	0	0	0	0	0	4e-04	0	0	0	0	0	0	0	0	0	0	0	0	0	0	0	0	0	0	0	0	0	0	0	0	0	0	0	0	0	0	0	0	0
"Plate1-E04"	0.4682	0	0.456	0.0676	0.0026	0	0	0	0	2e-04	0	0	0	0	0	0	0	0	0	0	0	0	0	0	0	0	0	0	0	0	0	0	0	0	0	0	0	8e-04	0	0	0	0	0	0	0	0	0	0	0	0	0	0	0	0	0.0032	0	0	0	0	0	0	0	0	0	0	0	0	0	0	0	0	0	0	0	0	0	0	0	0	0	0	0	0	0	0	0	0	0	0	0	0	0	0	0	0	0	0	0	0	0	0	0	0	0	0	0
"Plate1-E05"	0.0876	0	0.8488	0.051	0.002	0	0	0	0	0.0016	0	0	0	0	0	0	0	0	0	0	0	0	0	0	0	0	0	0	0	0	0	0	0	0	0	0	0	0.002	0	0	0.0012	2e-04	0	0	0	0	0	0	0	0	0	0	0	0	0.0034	0	0	0	0	0	0	0	0	0	0	0	0	0	0	0	0	0	0	0	0	0	0	0	0	0	0	0	0	0	0	0	0	0	0	0	0	0	0	0	0	0	0	0	0	0	0	0	0	0	4e-04	0
"Plate1-E06"	0.0128	6e-04	0.917	0.0556	8e-04	0	0	0	0	0.0032	0	0	0	0	0.002	0	0	0	0	0	0	0	0	0	0	0	0	0	0	0	0	0	0	0	0	0	0	0.0016	0	0	0	0	0	0	0	0	0	0	0	0	0	0	0	0	0.0032	0	0	0	0	0	0	0	0	0	0	0	0	0	0	0	0	0	0	0	0	0	0	0	0	0	0	0	0	0	0	0	0	0	0	0	0	0	0	0	0	0	0	0	0	0	0	0	0	0	0	0
"Plate1-E07"	0.5778	0	0.3942	0.0178	0.0024	0	0	0	0	0.0036	0	0	0	0	0	0	0	0	0	0	0	0	0	0	0	0	0	0	0	0	0	0	0	0	0	0	0	0.001	0	0	4e-04	0	0	0	0	0	0	0	0	0	0	0	0	0	0.001	0	0	0	0	0	0	0	0	0	0	0	0	0	0	0	0	0	0	0	0	0	0	0	0	0	0	0	0	0	0	0	0	0	0	0	0	0	0	0	0	0	0	0	0	0	0	0	0	0	0.001	0
"Plate1-E08"	0.018	0	0.1384	0.0388	6e-04	0	0	6e-04	0	0.0068	0	0	0	0	0	2e-04	0	0	0	0	0	0	0	0	0	0	0	0	0	0	0	0	0	0	0	0	0	0.0028	0	0	0.003	0	0	0	0	0	0	0	0	0	0	0	0	0	0.0016	0	0	0	0	0	0	0	0	0	0	0	0	0	0	0	0	0	0	0	0	0	0	0	0	0	0	0	0	0	0	0	0	0	0	0	0	0	0	0	0	0	0	0	0	0	0	0	0	0	0	0
"Plate1-E09"	0.0012	0	0.8058	0.185	0.003	0	0	0	0	0.0014	0	0	0	0	0	0	0	0	0	0	0	0	0	0	0	0	0	0	0	0	0	0	0	0	0	0	0	8e-04	0	0	4e-04	0	0	0	0	0	0	0	0	0	0	0	0	0	0.0018	0	0	0	0	0	0	0	0	0	0	0	0	0	0	0	0	0	0	0	0	0	0	0	0	0	0	0	0	0	0	0	0	0	0	0	0	0	0	0	0	0	0	0	0	0	0	0	0	0	0	0
"Plate1-E10"	0.0056	0	0.8902	0.0522	0.005	0	0	0	0	0.0018	2e-04	0	0	0	0	0	0	0	0	0	0	0	0	0	0	0	0	0	0	0	0	0	0	0	0	0	0	0.002	0	0	0.0012	0	0	0	0	0	0	0	0	0	0	0	0	0	0.0024	0	0	0	0	0	0	0	0	0	0	0	0	0	0	0	0	0	0	0	0	0	0	0	0	0	0	0	0	0	0	0	0	0	0	0	0	0	0	0	0	0	0	0	0	0	0	0	0	0	0	0
"Plate1-E11"	2e-04	0	0.9676	0.0232	8e-04	0	0	0	0	0.0026	0	0	0	0	0	0	0	0	0	0	0	0	0	0	0	0	0	0	0	0	0	0	0	0	0	0	0	0	0	0	0.0018	0	0	0	0	0	0	6e-04	0	0	0	0	0	0	0	0	0	0	0	0	0	0	0	0	0	0	0	0	0	0	0	0	0	0	0	0	0	0	0	0	0	0	0	0	0	0	0	0	0	0	0	0	0	0	0	0	0	0	0	0	0	0	0	0	4e-04	0
"Plate2-B08"	0.71	0	0	0	0	0.0414	0	0.0116	0.0514	0.0028	0	0	0	0	0	0	0.0156	0.0052	0	0	0.0096	0	0	0.0066	0.0014	0.0016	0.01	0	0	0.0024	0.0016	0.001	0	0	0.0014	0	0.0026	0	0	4e-04	0	0	0.0042	0	0	0	0	0	0.0026	0	0.0028	0	6e-04	0	0	0	0	2e-04	0	0.0022	0.0066	0	0	0	0.0012	0	0	0	0.0064	0.0032	0	0.0032	8e-04	0	0	0	0.0016	0.001	0	0	4e-04	0	0	0	0	0	0	0	0	2e-04	0	0	0	0	0	0.0014	0	0.0022	0	0	0	0	0	0	0	0
"Plate2-B09"	0.7636	0	0	0	0	0.0058	0	0.0036	0.1268	4e-04	0	0	0	0	0	0	0.0078	6e-04	0	0	0	0	0	0.002	0	0	0	0	0	0.0036	4e-04	0.0016	0	0.007	0.0016	0	0	0	0	0	0	0	8e-04	0.0032	0	0	0	0	0.0034	0	0	0	0	0	0	0	0	0	0	0.0012	0	0	0	0.002	0.0012	0	0	0	0	0	0	0	0.001	0	0	0	0	0.0064	0.0016	0	0	0	0	0	0	0	0	0	0	0.0014	0	0	0	0	0	0	0	0	0	0	0	0	0	0	0	0
"Plate2-B10"	0.5628	0	0	0	0	0.0092	0	0.014	0.139	0.0132	0	0	0	0	0	0	0.0046	0.007	0	0	0.0146	0	0	0.0178	0.003	0.0032	0.0012	0	0	0.0022	0.005	0.0084	0	0	0.001	0	8e-04	0	0	0	0	0	0.004	0.011	0	0	0	0	0.007	0	0.005	0.0058	0	0	0	0	0	8e-04	0	0	0.002	0	0	0	0.0018	0	0.0016	0	0.0048	0	0	0.0036	0.0038	0	0	0	0.0036	0.0108	0	0	0	0	0	0	0	0	0	0	0	6e-04	0	0	0	0	0	0.003	0	0	6e-04	0	0	0	0	0	0	0
"Plate2-B11"	0.618	0	0	0	0	0.0074	0	0.0102	0.1816	0.0148	0	0	0	0	0	0	0.002	0.0036	0	0	0.0148	0	0	0.0126	0	0.0024	0	0	0	0.002	6e-04	0.009	0	0.0128	0.0014	0	0	0	0	6e-04	0	0	6e-04	0.0036	0	0	0	0	0.0034	0	2e-04	0.0054	0	0	0	0	0	0	0	0	0.0022	0	8e-04	0.0042	0	0	0	0	0.0038	0	0	0.004	0.0034	0	0	0	0.0026	0.002	0	0	0	0	0	0	0	0	0	0	0	0	0	0	0	0	0	0.0014	0	0	0	0	0	0	0	0	0	0
"Plate2-B12"	0.5764	0	0	0	0	6e-04	0.1958	4e-04	6e-04	0	0	0	0.05	0	0.0658	0	0	2e-04	0.0876	0	0	0	0	2e-04	0	0	0	0	0	0	0	0	0	0	0	0	0	0	4e-04	2e-04	0	0	0	0	0	0	0	0	0	0	0	0	0	0	0	0	0	0	0	0	0	0	0	0	0	0	0	0	0	0	0	0	0	0	0	0	0	0	0	0	0	0.0012	0	0	0	0	0	0	0	0	0	0	0	0	0	0	0	0	0	0	0	0	0	0	0	0
"Plate2-C01"	0.42	0	0	0	0	0.0284	0.163	2e-04	0.0338	6e-04	0	0	0.0212	0	0.0784	0	0.0042	0.0018	0.084	0	0	0.0016	0	4e-04	0	0	0.0074	0	0.0148	6e-04	0.0016	0	0	0	0.0018	0	0	0	6e-04	0	0	0	0	0	0	0	0	0	0	0	0	0.006	0	0	0	0	0	0	0	0	0	0	0.0478	0	0	0	0	0	0	0	6e-04	0	0.004	0	0	0	0.003	0	0	0	0	0.0012	0	0	0	0	0	0	0	0	0.0038	0	0.0014	0	0	0	0	0	0	0	0	0	0	0	0	0
"Plate2-C02"	0.5326	0	0	0	0	0.0018	0.1868	2e-04	8e-04	0	0	0	0.0394	0	0.071	0	4e-04	0	0.0884	0	0	0.015	0	0.0024	0	0	0	0	0.0032	0.0012	0.004	0	6e-04	0	0	0	0	0	0	0	0	0	0	0	0	0	0	0	0	0	0	6e-04	0	0	0	0	0	0	0	0	8e-04	0	0.0042	0	0	0	2e-04	0	0	0	0	0	4e-04	0	0	0	6e-04	0	0	0	0	0.003	0	0	0	0	0	0	0	0	4e-04	0	2e-04	0	0	0	0	0	2e-04	0	0	0	0	0	0	0
"Plate2-C03"	0.5606	8e-04	0	0	0	2e-04	0	0.0038	0.04	0.0444	0	0	0	0	0	0	0.041	0.001	0	0	0.0144	0	0	0.0198	0.0038	0	0	0.0018	0	0.0038	0.0154	0	0	0	4e-04	0	0.0058	0	0	0.0018	0	0	0.0028	0.0036	0.0248	0	0	0	0.0216	0.0066	0.004	0.0142	0.0078	0	0	0	0	4e-04	0	0.0164	0	0	0	0	0.0258	0	0.0044	0	0.0092	0.0028	0	0.0064	0.0024	0	0	0	0	0	0	0	0.009	0.0026	0	0	0	0	0	0.0128	0.0044	0.0012	0	0	0	0	0	0.0094	0	0.002	0	0	0.0012	0	0	8e-04	0	0
"Plate2-C04"	0.6416	2e-04	0	0	0	0.0016	0	0.0042	0.016	0.024	0	0	0	0	0	0	0.0446	0.001	0	0	0.0212	0	0	0.0056	0.003	0.0022	0	0.0394	0	0	0.0168	2e-04	0	0	0.0016	0	0.0068	0	0	2e-04	0	0	0.0028	0.0042	0.0112	0	0	0	0.0076	0.0322	0.0018	0.0256	0.0016	0	0	0	0	2e-04	0	0.0086	0	0	0	0	0	0	0.0012	0	0.0042	0.0036	0	0.0028	4e-04	0	0	0	0	0	0	0	0	0.0036	0	0	0	0	0	0	0.003	0.002	0	0	0	0	0	0.0028	0	0	0	0	0.0018	0	0	2e-04	0	0
"Plate2-C05"	0.6174	0	0	0	0	0.001	0	0.0042	0.0092	0.019	0	0	0	0	0	0	0.0404	6e-04	0	0	0.0212	0	0	0.008	0.0042	0.0024	0	0.0516	0	0	0.0214	2e-04	0	0	8e-04	0	0.0098	0	0	0	0	0	0.0016	0.004	0.0124	0	0	0	0.0116	0.0384	0.001	0.0268	0.001	0	0	0	0	0	0	0.0084	0	0	0	0	0	0	0.0014	0	0.0044	0.003	0	0.0048	4e-04	0	0	0	0	0	0	0	0	0.0018	0	0	0	0	0	0	0.0054	0.001	0	0	0	0	0	0.0038	0	0	0	0	0.0018	0	0	0	0	0
"Plate2-C06"	0.3904	6e-04	0	0	0	0.0418	0	0.0054	0.0156	0.0124	0	4e-04	0	0	0	0	0.0564	0.002	0	0	0.0412	0	0	0.0214	0.0028	0.0028	0	0.064	0	0	0.0108	0.0024	0	0	0.0112	0	0.008	0	0	8e-04	0	0	0.0064	0.013	0.0136	0	0	0	0.019	0.0098	0.0032	0.0146	0.0022	0	0	0	0	0.0054	0	0.0136	0.0016	0	0	0	0.0176	0	0.0028	0	0.0038	0.0048	0	0.0034	0.0024	0	0	0	0	0	0	0	0.0036	0.0044	0	0	0	0	2e-04	0.015	0.003	0.003	0	0	0	0	0	0.0102	0	6e-04	0	0	0.0026	0	0	2e-04	0	0
"Plate2-C07"	0.4674	0.0016	0	0	0	0.0202	0	4e-04	0.0084	0.009	0	0.0036	0	0	0	0	0.0168	6e-04	0	0	0.0614	0.0398	0	0.0068	0.0036	0.0032	0.0242	0	0	0.026	0.0022	6e-04	0	0	0	0	0.0044	0	0.0102	0.0064	0	0	0.004	0.0044	0	0	0	0	0.002	0	0.0042	0.0066	0.0128	0	0	0	0	0	0	0.005	0.0022	0	0	0	0.0128	0	0.002	0	0.002	0.002	0	0.007	0.0012	0	0.0046	0	0	0	0	8e-04	0	0	0	0	0	0	0	0.0072	0	8e-04	0	0	0	0	0	0.001	0	0	0	0	0	0	0	8e-04	0	0
"Plate2-C09"	0.2212	0.0054	0	0	0	0.0354	0	0.0022	0.0468	0.0168	0	0.0128	0	0	0	0	0.007	6e-04	0	0	0.0304	0.2666	0	0.007	0.0058	0.0058	4e-04	0	0	0.0894	0.005	0.001	0	0	0	0	0.0026	0	0.0076	0.0042	0	0	0.003	0.0044	0	0	0	0	0.0076	0	0.005	0.0018	2e-04	0	0	0	0	0.004	0	0.0078	0.004	0	0	0	8e-04	0	0.003	0	0.0034	0.0018	0	0.0042	8e-04	0	0.0016	0	0	0	0	0.006	0	0	0	0	0	2e-04	0	0	0	8e-04	0	0	0	0	0	0.0032	0	0	0.0016	0	0	0	0	0.0018	0	0
"Plate2-C10"	0.3456	0.0026	0	0	0	0.0128	0	8e-04	0.0114	0.0124	0	0.007	0	0	0	0	0.0166	0.001	0	0	0.0564	0.122	0	0.0148	0.0028	0.003	0.0072	0	0	0.0386	0.0134	0.0014	0	0	0	0	0.0064	0	0.011	0.026	0	0	0.0026	0.0018	0	0	0	0	0.002	0	0.0026	0.0034	0.0102	0	0	0	0	0.0012	0	0.0088	0.0036	0	0	0	0.0106	0	8e-04	0	0.0012	0.0036	0	0.0076	0.001	0	0.0108	0	0	0	0	0.0038	0	0	0	0	0	0	0	0.001	0	2e-04	0	0	0	0	0	0	0	0	0.0024	0	0	0	4e-04	0.0022	0	0
"Plate2-C11"	0.4586	0	0	0	0.42	0.012	0	0.07	0	0.001	0	0.03	0	0	0	0	0	0	0	0	0	0	0	0	0	0	0	0	0	0	0	0	0	0	0	0	0	0	0	0	0	0	0	0	0	0	0	0	0	0	0	0	0	0	0	0	0	0	0	0	0	0	0	0	0	0	0	0	0	0	0	0	0	0	0	0	0	0	0	0	0	0	0	0	0	0	0	0	0	0	0	0	0	0	0	0	0	0	0	0	0	0	0	0	0	0
"Plate2-C12"	8e-04	0	0	0.0018	0.4618	0.0228	0	0.5124	0	0	0	0	0	0	0	0	0	0	0	0	0	0	0	0	0	0	0	0	0	0	0	0	0	0	0	0	0	0	0	0	0	0	0	0	0	0	0	0	0	0	0	0	0	0	0	0	0	0	0	0	0	0	0	0	0	0	0	0	0	0	0	0	0	0	0	0	0	0	0	0	0	0	0	0	0	0	0	0	0	0	0	0	0	0	0	0	0	0	0	0	0	0	0	0	0	0
"Plate2-D01"	0.002	0	0	0.0048	0.8906	2e-04	0	0.0048	0	0	0	0	0	0	6e-04	0	0	0	0	0	0	0	0	0	0	0	0	0	0	0	0	0	0	0	0	0	0	0.0038	0	0	0.0064	0	0	0	0	0	0	0.005	0	0	6e-04	0	0	6e-04	0	0	0	0	0	0	0	0	0	0	0	0	0	0	0	0	0	0	0	0	0	0	4e-04	0	0	0	0	0	0	0	0	0	0	0	0	0	0	0	0	0	0	0	0	0	0	0	0	0	0	0	0	0
"Plate2-D02"	0.0056	0	0	0.0404	0.919	0	0	0	0	4e-04	0	0	0	0	0	2e-04	0	0	0	0	0	0	0	0	0	0	0	0	0	0	0	0	0	0	0	0	0	0	0	0	4e-04	0	0	0	0	0	0	6e-04	0	0	0	0	0	2e-04	0	0	0	0	0	0	0	0	0	0	0	0	0	0	0	0	0	0	0	0	0	0	0	0	0	0	0	0	0	0	0	0	0	0	0	0	0	0	0	0	0	0	0	0	0	0	0	0	0	0	0.0012	0
"Plate2-D03"	0.0034	0	0.0042	0	0.9894	0	2e-04	0	0	0	0	0	0	0	0	0	0	0	2e-04	0	0	0	0	0	0	0	0	0	0	0.001	0	0	0	0	0	0	0	0	0	0	0	0	0	0	0	0	0	0	0	0	0	0	0	0	0	0	0	0	0	0	0	0	0	0	0	0	0	0	0	0	0	0	0	0	0	0	0	0	0	0	0	0	0	0	0	0	0	0	0	0	0	0	0	0	0	0	0	0	0	0	0	0	0	0	2e-04	0
"Plate2-D04"	0.138	0	0	0	0	0.0098	0.0986	0	0.0248	0	0.153	8e-04	0.0328	0	0.0676	0	0.0026	0	0	0	0	0.0022	0.0206	0.0166	0	0	0.0082	0.083	0.0166	0.0018	0.0116	0.0016	0.0084	0	0	0.0014	0.0034	0	0	0.0078	0	0	0	0.006	0	0	0.0082	0	0	0	0.0044	0.0034	0.002	2e-04	0	0.0126	0.001	0	0	0	0.0012	0	0	0	2e-04	0.0018	8e-04	6e-04	6e-04	0.001	0.0046	0	0.0016	0.003	0	0.002	0	0	0.001	0.0014	2e-04	8e-04	0	6e-04	0.003	6e-04	0	0.0018	0	0	0	0	6e-04	0	0.0046	0	0	0.0018	0	0	0	0.0032	4e-04	0	0	0
"Plate2-D05"	0.1886	0	0	0	0	0.031	0.1024	0	0.0142	0	0.178	0.0022	0.0286	0	0.0744	0	0.0032	6e-04	0	0	4e-04	0.021	0.0216	0.0042	0	0	0.0112	0.0218	0	0.0146	0.003	0.0048	0.0074	0	0	0.0036	0	0	0.019	6e-04	0	0	0	0.0048	0	0.001	0.0044	0	0	0.0022	0.0026	0	0.0044	0	0	0.0026	0.0014	0	0	0	0	8e-04	0	0	4e-04	0.0122	8e-04	0	0.001	0.0018	0.007	0	6e-04	0	0	0.0042	0	0	0.006	8e-04	0	0	0	0.003	0.0024	6e-04	0.002	0	0	0	0	0	0.0018	0	0.0118	0	0	0.0012	0	0.0014	6e-04	0	0.0016	0	0	0
"Plate2-D06"	0.1514	0	0	0	0	0.0046	0.155	0	0.0404	0	0.094	0.003	0.1108	0	0	0	0	0	0	0	0.0018	0.0128	0.0046	0.0024	0	0	0.0176	0	0.0136	0.0054	0.0404	0	0.0052	0.0028	0	0.0064	0	0	0	0.005	0	0	0.0014	0.002	0	0.02	0.0032	0	0.005	0.0066	0.0036	0.0016	4e-04	0	0	0.0094	0.0012	0	0	0	0	0.0096	0	2e-04	0	0.0022	0.008	0	0.002	0.0016	0.0036	0.0026	4e-04	0.0262	0.0046	0.001	0.0028	6e-04	8e-04	0.0028	0.0012	2e-04	0	0.001	0	0.001	2e-04	0	0	0	0.0024	0	6e-04	0	0	0	0	0	0	6e-04	0	4e-04	2e-04	0	0	0
"Plate2-D07"	0.131	0	0	0	0	0.0052	0.1862	0	0.0228	0	0.0736	0.0026	0.1282	0	0	0	0	4e-04	0	0	0.0094	0.0172	0.0156	0.015	0	0	0.0098	0	0	0	0.017	0.0056	0.0096	2e-04	6e-04	0.02	0.0052	0	0.0032	0.0024	0	0	4e-04	0.0048	0.0014	8e-04	0.0074	0	0.0022	0.009	0	6e-04	0	2e-04	0	0	0.035	0	0	0	0	0.0098	0	0	0	0.0032	0.0094	0	0.001	0.0018	0	0	0	0.0012	0.0016	6e-04	0.0014	6e-04	2e-04	0.003	0.001	0	0	0.0024	0.0022	0	0.001	0.002	0	0	0.0014	0	0.003	0.0026	0	0	0	0	0	0	0	0.0014	6e-04	4e-04	0	0
"Plate2-D08"	0.1702	0	0	0	0	0.0052	0.2266	0	0.0216	0	0.0408	0.0024	0.1252	0	0	0	0	4e-04	0	0	0.0122	8e-04	0.0112	0.0292	0	0	0.0128	0	0.0068	0.003	0.0156	0.0022	0.0058	0	0	0.0112	0.0024	0	0.0162	0.0058	0	0	6e-04	0.0048	8e-04	0.005	0.006	0	0.0076	8e-04	0.0032	0.0038	0	0	0	0.0016	0.0012	0	0	0	2e-04	0.0022	0	0	0	0	0.0016	0.0046	0.0012	0	0	0.0032	0	0.0046	4e-04	4e-04	0.0034	0	8e-04	0.004	0.0046	0.0056	0	0.0022	0.0016	0	0.0036	0	0	0	0.0016	0	0.001	0	0	0	0	0	0	4e-04	0	0.0016	0	0	0	0
"Plate2-D09"	0.2648	0	0	0	0	0.0038	0.1704	0	0.047	0	0.0906	4e-04	0.12	0	0	0	0	4e-04	0	0	0.007	0.0116	0.0054	0.0024	0	0	0.02	0	6e-04	0	0.007	8e-04	0.007	0	0	0.0186	0.0054	0	8e-04	0.0022	0	0	8e-04	0.0038	0	0.0028	0.007	0	0.0064	0.0018	8e-04	0.001	4e-04	2e-04	0	0	0.017	0	0	0	0	0.0022	0	0	0	0.0016	0.0054	6e-04	0.0018	4e-04	0.0018	0	0	0.0018	0	0	0.002	0	4e-04	6e-04	0.0012	0.0012	0	0.0012	0.004	2e-04	0.0016	0	0	0	8e-04	0	6e-04	0	0	0	0	0	0	0	0	8e-04	6e-04	2e-04	0	0
"Plate2-E09"	0.7962	0	0	4e-04	0.0024	0	0	0.0362	0	0.038	0	0.0456	0	0	0	0	0	0.0052	0	0	0	0	0	0	0	0	0	0	0	0	0	0	0	0	0	0	0	0	0	0	0	0	0	0	0	0	0	0	0	0	0	0	0	0	0	0	0	0	0	0	0	0	0	0	0	0	0	0	0	0	0	0	0	0	0	0	0	0	0	0	0	0	0	0	0	0	0	0	0	0	0	0	0	0	0	0	0	0	0	0	0	0	0	0	0	0
"Plate2-E10"	0.674	0	0	4e-04	0.0084	0	0	0.034	0	0.0762	0	0.0926	0	0	0	0	0.0102	0.0078	0	0	0	0	0	0	0	0	0	0	0	0	0	0	0	0	0	0	0	0	0	0	0	0	0	0	0	0	0	0	0	0	0	0	0	0	0	0	0	0	0	0	0	0	0	0	0	0	0	0	0	0	0	0	0	0	0	0	0	0	0	0	0	0	0	0	0	0	0	0	0	0	0	0	0	0	0	0	0	0	0	0	0	0	0	0	0	0
"Plate2-E11"	0.8732	0	0	0	0.0048	0	0	0.01	0	0.0174	0	0.041	0	0	0	0	0	0.0028	0	0	0	0	0	0	0	0	0	0	0	0	0	0	0	0	0	0	0	0	0	0	0	0	0	0	0	0	0	0	0	0	0	0	0	0	0	0	0	0	0	0	0	0	0	0	0	0	0	0	0	0	0	0	0	0	0	0	0	0	0	0	0	0	0	0	0	0	0	0	0	0	0	0	0	0	0	0	0	0	0	0	0	0	0	0	0	0
"Plate2-E12"	0.961	0	0	0	0	0	0.0042	4e-04	0.0024	0.0048	0	0	0.0042	0	2e-04	0	0.0044	0	0	0	0	0	0	0	0	0	0	0	0	0	0	0	0	0	0.0064	0	4e-04	0.0012	0	2e-04	4e-04	0	0	0	0	0	0	0.0022	0	0	0	0	6e-04	4e-04	0	0	0	0	0	0	0	0	0	0	0	0	0	0	0	2e-04	0	0	0	0	0	0	0	0	0	0	0	0	0	2e-04	0	0	0	0	0	0	0	0	0	0	0	0	0	0	0	0	0	0	0	0	0	0
"Plate2-F01"	0.946	0	0	0	0	0	0.0026	0.0018	6e-04	0.0084	0	0	0.0024	0	0	0	0.0024	0	0	0	0	0	0	0	0	0	0	0	0	0	0	0	0	0	0.014	0	0.004	6e-04	0	0	2e-04	0	0	0	0	0	0	0	0	0	0	0	0.0058	0	0	0	0	0	0	0	0	0	0	0	0	0	0	0	0	0.0014	0	0	0	0	0	0	0	0	0	0	0	0	0	0	0	0	0	0	0	0	0	0	0	0	0	0	0	0	0	0	0	0	0	0	0	0
"Plate2-F02"	0.906	2e-04	0	0	0	0	0.0034	8e-04	8e-04	0.03	0	0	0.0028	0	0	0	0.0098	0	0	0	0	0	0	0	0	0	0	0	0	0	0	0	0	0	0.022	0	0	0	0	0	0	0	0	0	0	0	0	0	0	0	0	0	0.0152	0.001	0	0	0	0	0	0	0	0	0	0	0.003	0	0	0	0	0.001	0	0	0	0	0	0	0	0	0	0	0	0	0	0	0	0	0	0	0	0	0	0	0	0	0	0	0	0	0	0	0	0	0	0	0	0
"Plate2-F03"	0.961	0	0	0	0	0	0.001	0	0.0076	0.0246	0	0	0	0	0.001	0	4e-04	0	0	0	0	0	0	0	0	0	0	0	0	0	0	0	0	0	2e-04	0	0	6e-04	0	0	0	0	0	0	0	0	4e-04	0	0	0	0	0	0	6e-04	0	0	0	0	0	0	0	0	0	0	2e-04	0	0	0	0	0	0	0	0	0	0	0	0	0	0	0	0	0	0	0	0	0	0	0	0	2e-04	0	0	0	0	0	0	0	0	0	0	0	0	0	0	0	0
"Plate2-F04"	0.877	0	0	0	0	0	4e-04	0	0.0022	0.0734	0	0	0	0	0.0408	0	8e-04	4e-04	0	0	0	0	0	0	0	0	0	0	0	0	0	0	0	0	0	0	0	0	0	0	0	0	0	0	0	0	0	4e-04	0	0	0	0	0.0012	2e-04	0	0	0	0	0	0	0	0	0	0	0	0	2e-04	0	0	4e-04	0	0	0	0	0	0	0	0	0	0	0	0	0	0	0	0	0	0	0	0	0	0	0	0	0	0	0	0	0	0	0	0	0	0	0	0
"Plate2-F05"	0.8884	0	0	0	0	4e-04	6e-04	0	4e-04	0.048	0	0	0	0	0.0362	0	0.0036	6e-04	0	0	0	0	0	0	0	0	0	0	0	0	0	0	0	0	0.0132	0	0	0	0	0	0	0	0	0	0	0	0	0	0	0	0	0	0.0022	0	0	0	0	0	0	0	0	0	0	0	0	0	0	0	0	2e-04	0	0	0	0	0	0	0	0	0	0	0	0	0	0	0	0	0	0	0	0	0	0	0	0	0	0	0	0	0	0	0	0	0	0	0	0
"Plate2-F06"	0.6256	0	0	0	0	0	0.0036	0	0.0112	0.0906	0	0	0	0	0.0536	0	0.0046	0.0058	0	0	0	0	0	0	0	0	0	0	0	0	0	0	0	0	0.0556	0	0.0482	0	0	0	0	0	0	0	0	0	0	2e-04	0	0	0	0	0.001	0	0	0	0	0	0	0	0	0	0	0	0	0	0.0122	0	0	0	0	0	0	0	0	0	0	0	0	0	0	0	0	0	0	0	0	0	0	0	0	0	0	0	0	0	0	0	0	0	0	0	0	0	0	0
"Plate2-F07"	0.968	0	0	0	0	2e-04	0.001	0	0	2e-04	0	0	0	0	0	0	0.005	0	0	0	0	0	0	0	0	0	0	0	0	0	0	0	0	0	0.0026	0	0	6e-04	0	0	2e-04	0	0	0	0	0	0	0	0	0	0	0	0.0102	0.0054	0	0	0	0	0	0	0	0	0	0	0	0	0	0	0	0.003	0	0	0	0	0	0	0	0	0	0	0	0	0	0	0	0	0	0	0	0	0	0	0	0	0	0	0	0	0	0	0	0	0	0	0	0
"Plate2-F08"	0.4744	0	0	0	0	0.0078	0	0.0038	0.0724	0.0132	0	0	0	0	0	0	0.0278	6e-04	0	0	0.0054	0	0	0.0052	0	4e-04	0.0014	0	0	0.0536	0.0074	0.002	0	0.0166	0.0014	0	0.0026	0	0.015	0.0018	0	0	0.0012	0.0046	0	0	0	0	0.0046	0	0	0	0.0014	0	0	0	2e-04	0	0	0.0026	8e-04	0	0	0.005	6e-04	0	6e-04	0	0.001	0	0	0.003	0.0052	0	0	0	2e-04	0.0086	0.0032	0	0	0	0	0	0	0	0	0	0	0.0042	0	0	0	0	0	0.0024	0	0	0	0	0	0	0	0	0	0
"Plate2-F09"	0.5354	0	0	0	0	0.0078	0	0.0034	0.0496	0.0062	0	0	0	0	0	0	0.009	0.0018	0	0	0.0028	0	0	0.004	4e-04	0	0	0	0	0.0054	0.003	0.0036	0	0.0364	4e-04	0	0.002	0	0	0	0	0	4e-04	0.0062	0	0	0	0	4e-04	0	0	0	4e-04	0	0	0	0	0	0	0.0176	0.0018	0	0	0.0112	4e-04	0	0	0	0.0018	0	0	8e-04	4e-04	0	0	0	8e-04	0.0136	0	0	6e-04	0	0	0	0	0	0	0	0	0.0024	0	0	0	0	0	0	0	0	6e-04	0	0	0	0	0	0	0
"Plate2-F10"	0.4364	0	0	0	0	0.0328	0	0.0224	0.1986	0.0194	0	0	0	0	0	0	0.0012	0.0044	0	0	0.0044	0	0	0.004	0.0012	0	0	0	0	6e-04	0.0016	0.0056	0	0.0052	6e-04	0	0	0	0	0	4e-04	0	0.0024	0.0014	0	0	0	0	0	0	2e-04	0.0012	4e-04	0	0	0	0	0	0	0.0166	0.0022	0	0.0038	0.0014	0	0	6e-04	0	0	0	0	6e-04	8e-04	0	0	0	0.0016	0.005	0	0	0	0	0	0	0	0	0	0	0	0.0034	0	0	0	0	0	0	0	0	0	0	0	0	0	0	0	0
"Plate2-F11"	0.5998	0	0	0	0.0332	0.0758	0	0.003	0.0142	4e-04	0	0.0882	0	0	0	0	0.01	0.0708	0	0	0	0	0	0	0.0024	0.0032	0	0	0.0076	0	6e-04	0.002	4e-04	0	0	0	0.0052	0	0	0	0	0	4e-04	0	0	0	0	0	0	0	0.0032	0	0	0	0	0	0	0	0	0	0	0	0.0048	0	0	0	0	0	0	0	0	0	4e-04	0	0	0	6e-04	0	0	0	8e-04	0	0	0	0	0	0	0	0	0	0	0	0	0	0	0	0	0	0	0	0	0	0	0	0	0
"Plate2-F12"	0.6558	0	0	0	0.022	0.0396	0	0.0032	0.025	0	0	0.0126	0	0	0	0	0.0316	0.0468	0	0	0	0	0	0.0046	0.0014	0.0012	0.0014	0	0.0164	0	0.0024	0.0032	0.0048	0.0012	0	0	0.0034	0	4e-04	0	0	0	0.003	0	0	0	0	0	0	0	0	0	0	0	0	0	0	0	0	0	0	0	0.0058	6e-04	0	0	0	0	0	0	0	0	4e-04	0	0	0	0.0054	0	0	0	8e-04	0	0	0	0	0	0	0	0	0	0	0	0	0	0	0	0	0	0	0	0	0	0	0	0	0
"Plate2-G01"	0.5442	0	0	0	0.0054	0.0694	0	0.001	0.0048	0	0	0.0362	0	0	0	0	0.023	0.0136	0	0	0	0	0	0.0048	0.002	0	0	0	0.0212	0	0.0246	0.0012	0.004	0.0676	0	0	0.0086	0	2e-04	0	0	0	0.0014	0	0	0	0	0	0	0	2e-04	0	0	0	0	0	0	0	0	0	4e-04	0	0.0088	0.0278	0	0	0	0	0	0	0	0.0034	0.002	0	0	0	0.003	0	0	0	0.001	0	0	0	0	0	6e-04	0	0	0	0	0	0	0	0	0	0	0	0	0	0	0	0	0	0	0
"Plate2-G02"	0.068	0	0	0	0	0.0124	0.1398	0.0024	6e-04	0	0.0758	0.0116	0.1378	0	0.1134	0	0.002	4e-04	0	0	0.0286	0	0.0312	0.0226	2e-04	0	0.0186	0	0.019	0	0	0	0.03	0	0	0.0082	0	0	0	0.0084	0	0	0	0.009	0	0.0056	0.0012	0	0	0	0.002	0.0016	0.0024	2e-04	0	0	0.0036	0	0	0	0.0042	0	0	0	0	0	0	0.0072	0	0	0.018	8e-04	0	0.0016	0	0.0052	0	0.001	0.003	0.0012	0.001	0.0024	0.0074	0.0024	0.0022	0.0026	0	0.0084	0	0	0	0.0048	4e-04	6e-04	6e-04	0	0.0076	0	0.0028	0	8e-04	0.001	0	2e-04	0	6e-04
"Plate2-G04"	0.155	0	0	0	0	0.007	0.083	2e-04	0.002	0	0.1348	0.0052	0.0556	0	0.058	0	2e-04	0	0	0	0.031	0.003	0	0.0212	0	0	0.0392	0	0.008	0	0.0128	0	0.012	0	0	0.0014	0.0036	0	0.007	0.0152	0	0	0	0.0048	0	0.0036	0.0042	0	0	0.0012	0.0034	0	0.0022	0	0	0.009	0.0012	0	0	0	0.0134	0.001	0	0	0	0	0.003	0	0.0056	0.0024	0.001	0.002	0.0024	0.0052	0.0034	0.0052	0	0.002	0.0014	0.0056	0	0.003	0.0038	0.0134	0.002	0.0036	0.0032	0	0	0	0.0018	0	0.0022	0	0.0026	0	0.0028	0.0028	0	4e-04	0	0.0022	2e-04	0	0	0
"Plate2-G05"	0.1638	0	0	0	0	0.0096	0.086	0	0.0556	0	0.1564	0.0236	0.0686	0	0.0688	0	0.008	0	0	0	0.0032	0	0.0432	0.0044	0	0	0.0098	0	0.0136	0.0146	8e-04	8e-04	0.0294	0	0.0022	0.0038	0.0024	0	0.0048	0.0016	0	0	4e-04	0.0046	0	0.0026	0.0136	0	0.0022	4e-04	0.0022	0	0.0018	4e-04	0	0.0018	0.0028	0	0	0	0.0012	0	0	0	0	0.0078	2e-04	0.0054	6e-04	0.003	0	0	0.0016	0.002	0.003	0.0044	0	0.0014	0.0028	8e-04	0.0068	0	0.0096	0.0026	0	0.0048	0.001	0	0	0	0.0062	0.001	0.0032	0.0012	8e-04	0	0.001	0.0024	0.001	2e-04	2e-04	0	0.0022	0	0	0
"Plate2-G06"	0.2236	0	0	0	0	0.0174	0.0694	0.001	0.0012	0	0.1474	0.0056	0.0734	0	0.029	0	0.0024	4e-04	0	0	0.02	0.0156	0.0184	0.012	0	0	0.0088	0	0.0064	0.01	0	0	0.0054	0	0	0.0352	0.0064	0	0.0138	0.009	0	0	0	0.0034	0	0.005	0.008	0	0	0	0.0036	0	0	0	0	0.006	0.003	0	0	0	0.0072	0	0	0	0	0.014	6e-04	0.0134	0.0034	0.0054	0.0016	0.002	0.0026	0.0032	0.009	0	0	0	0.0036	0.0052	0.0022	0.001	0.0022	0.002	0.004	0.0064	0.0024	0	0	0	8e-04	0.0024	0	0.0066	8e-04	0	0.0012	0.0026	0.002	2e-04	0	0.001	0.001	0	0	0.0026
"Plate2-G07"	0.1942	0	0	0	0	0.0116	0.1358	0	0.0012	0	0.1306	0.0066	0.0664	0	0.06	0	0.0072	0	0	0	0.0242	0.0056	0.0332	0.0146	0	0	0.0118	0.0052	0.0014	0.0048	6e-04	0	0.0188	0	0.0012	0	0.0042	0	0.0166	0.0068	0	0	0	0.0048	0	0.0134	0.0216	0	0	0	0.0034	0	2e-04	0	0	0.0028	0.0018	0	0	0	0.0088	0.001	0	0	0	0.0044	0.0016	0.0024	0.0014	0	0.0014	0	0.0028	0.0016	0.0034	0.0094	0	0	0.003	0.0022	6e-04	0.0026	0	4e-04	0.0018	0.001	0	0	0	0	6e-04	0.0026	0.001	0.0066	0	0	0.0036	0.0012	0	0.002	0	0	0.0014	4e-04	0	0.0012
"Plate2-G08"	0.0896	0	0	0	0	0.0338	0.154	0	0.0504	0	0.1028	0.0098	0.063	0	0.0684	0	0.0012	0.0026	0	0	0.0102	0	0.0302	0.0128	0	0	0.0146	6e-04	0.0044	0.0264	0	0	0	0	0.001	0.001	0.004	0	0.0194	0.0102	0	0	0.0032	0.004	0	0	0.0142	0	0.004	0.0062	0.002	0	2e-04	2e-04	0	0.0024	0.0126	0	0	0	0	0.0162	0	0	0	0	0.001	0.0046	2e-04	0	0	0	0.0046	6e-04	0	0	0	0.0016	0.0012	0.0026	0.0012	0	0	0.0154	0.0032	6e-04	0.0024	0	0	0	0.0018	0	0.0012	0	0.0012	0	0	2e-04	0	8e-04	0	4e-04	6e-04	8e-04	0	4e-04
"Plate2-G09"	0.3194	0	0	0	0	0.0014	0.1028	6e-04	0.0228	0	0.095	0.002	0.0704	0	0.0394	0	0.0038	2e-04	0	0	0.0384	0.0032	0.0068	0.0212	0	0	0.044	0	0.0406	0	0	0	0.0038	0	0	0.0012	0	0	0	0.0188	0	0	0	0.0012	0.005	0.001	0.0042	0	0	0	0.0018	0	0.0014	0	0	0.009	0	0	0	0	0.0118	0.001	0	0	0	0.0034	0	0	0	0	0	0.002	6e-04	0	0	0.0018	0	0.0036	0.005	0.004	0.001	0.0022	4e-04	0	0	0.0028	0	0	0	0.0014	0	0	4e-04	0	0	0	0.0046	0.0018	0	0.0032	4e-04	4e-04	0.001	0	0	0
"Plate2-G10"	0.475	0	0	0	0.017	0.0412	0	0.0226	0	0.0014	0	0.0578	0	0	0	0	0	0.0348	0	0	0	0	0	0	0.0152	0.0154	0	0	0	0	0	0	0	0	0	0	0	6e-04	0	0	0	0	0.0334	0	0	0	0	0	0.0038	0	0	0	0	0	0	0	0	6e-04	0	0	0	0	0	0	0	0	0	0	0	0	0	0	0	0	0	0	0	0	0	0	0	0	0	0	0	0	0	0	0	0	0	0	0	0	0	0	0	0	0	0	0	0	0	0	0	0
"Plate2-G11"	0.5282	0	0	0	0.0184	0.049	0	0.011	0	0.0024	4e-04	0.046	0	0	0	0	0	0.0516	0	0	0	0	0	0.0416	0.0146	0.011	0	0	0	0	0	0	0	0	0	0	0.0018	0	0	0	4e-04	0	0.038	0	0	0	0	4e-04	0	0	0	0	0	0	0	0	0	0.001	0	0	0	0	0	0	0	0	0	0	0	0	0	0	0	0	0	0	0	0	0	0	0	0	0	0	0	0	0	0	0	0	0	0	0	0	0	0	0	0	0	0	0	0	0	0	0	0
"Plate2-G12"	0.5676	0	0	0	0.0168	0.0314	0	0.0112	0	0	0	0.0474	0	0	0	0	0	0.0884	0	0	0	0	0	0	0.008	0.0092	0	0	0	0	0	0	0	0	0	0	0.0344	0	0	0	0	0	0.0204	0	0	0	0	0	0	0	0	0	0	0	0	0	0	0	0	0	0	0	0	0	0	0	0	0	0	0	0	0	0	0	0	0	0	0	0	0	0	0	0	0	0	0	0	0	0	0	0	0	0	0	0	0	0	0	0	0	0	0	0	0	0	0
"Plate2-H01"	2e-04	0	0.0012	2e-04	0.085	0.0682	0	0.1758	0	0	0	0.2642	0	0	0	0	0	0	0	0.171	0	0	0	0	0.0638	0.057	0	0	0	0	0	0	0	0	0	0	0	0	0	0	0	0	0	0	0	0	0	0	0	0	0	0	0	0	0	0	0	0.0116	0	0	0	0	0	0	0	0	0	0	0	0	0	0	0	0	0	0	0	0	0	0	0	0	0	0	0	0	0	0	0	0.0028	0	0	0	0	0	0	0	0	0	0	0	0	0	0	0	0
"Plate2-H02"	2e-04	0	0	0.0014	0.0426	0.082	0	0.0626	0	0	0	0.344	0	0	0	0	0	0	0	0.3896	0	0	0	0	0	0	0	0	0	0	0	0	0	0	0	0	0	0	0	0	6e-04	0	0	0	0	0	0	0	0	0	0	0	0	0	0	0	0	0.017	0	0	0	0	0	0	0	0	0	0	0	0	0	0	0	0	0	0	0	0	0	0	0	0	0	0	0	0	0	0	0	8e-04	0	0	0	0	0	0	0	0	0	0	0	0	0	0	0	0
"Plate2-H03"	2e-04	0	0	0.001	0.0806	0.0454	0	0.0862	0	0	0	0.3972	0	0	0	0	0	0	0	0.0692	0	0	0	0	0.071	0.0644	0	0	0	0	0	0	0	0	0	0	0	0	0	0	6e-04	0	0	0	0	0	0	0	0	0	0	0	0	0	0	0	0	0.0218	0	0	0	0	0	0	0	0	0	0	0	0	0	0	0	0	0	0	0	0	0	0	0	0	0	0	0	0	0	0	0	0.0012	0	0	0	0	0	0	0	0	0	0	0	0	0	0	0	0
"Plate2-H04"	4e-04	0	0	6e-04	0.0842	0.0828	0	0.1192	0	0	0	0.2362	0	0	0	0	0	0	0	0.0774	0	0	0	0	0.1028	0.0898	0	0	0	0	0	0	0	0	0	0	0	0	0	0	0	0	0	0	0	0	0	0	0	0	0	0	0	0	0	0	0	0.0228	0	0	0	0	0	0	0	0	0	0	0	0	0	0	0	0	0	0	0	0	0	0	0	0	0	0	0	0	0	0	0	0.0012	0	0	0	0	0	0	0	0	0	0	0	0	0	0	0	0
"Plate2-H05"	0.4884	0.0924	0	0.0014	0.014	0.016	0	0.0336	0	0.0404	0	0.0806	0	0.0122	0	0.0888	0	0	0	0	0	0	0	0	0.0326	0.0316	0	0	0	0	0	0	0	0	0	0	0	0.0022	0	0	0.0012	0	0.0092	0	0	0	0	0	0	0	0	0	0	0	0	0	0	0.0082	0.0088	0	0	0	0	0	0	0	0	0	0	0	0	0	0	0	0	0	0	0	0	0	0	0	0	0	0	0	0	0	0	0	0	0	0	0	0	0	0	0	0	0	0	0	0	0	0	0
"Plate2-H06"	0.501	0.0768	0	2e-04	0.0306	0.0186	0	0.011	0	0.0326	0	0.1076	0	0.01	0	0.0406	0	0	0	0	0	0	0	0	0.0488	0.051	0	0	0	0	0	0	0	0	0	0	0	0	0	0	2e-04	0	0	0	0	0	0	0	0	0	0	0	0	0	0	0	0	0.0048	0.0048	0	0	0	0	0	0	0	0	0	0	0	0	0	0	0	0	0	0	0	0	0	0	0	0	0	0	0	0	0	0	0	0	0	0	0	0	0	0	0	0	0	0	0	0	0	0	0
"Plate2-H07"	0.5056	0.1274	0	0	0.0092	0.012	0	0.0264	0	0.0282	0	0.049	0	0.014	0	0.0948	0	0	0	0	0	0	0	0	0.0416	0.0374	0	0	0	0	0	0	0	0	0	0	0	0	0	0	0	0	2e-04	0	0	0	0	0	0	0	0	0	0	0	0	0	0	0.0042	0.0122	0	0	0	0	0	0	0	0	0	0	0	0	0	0	0	0	0	0	0	0	0	0	0	0	0	0	0	0	0	0	0	0	0	0	0	0	0	0	0	0	0	0	0	0	0	0	0
"Plate2-H08"	0.571	0.0722	0	0.0028	0.0092	0.0156	0	0.0082	0	0.0414	0	0.0534	0	0.0088	0	0.0058	0	0	0	0	0	0	0	0	0.0196	0.0154	0	0	0	0	0	0	0	0	0	0	0	0.0014	0	0	4e-04	0	0.0032	0	0	0	0	0	0	0	0	0.0022	0	0	0	0	0	0.0018	0	0	0	0	0	0	0	0	0	0	0	0	0	0	0	0	0	0	0	0	0	0	0	0	0	0	0	0	0	0	0	0	0	0	0	0	0	0	0	0	0	0	0	0	0	0	0	0
"Plate2-H09"	0.4312	0.0868	0	0	0.0072	0.0098	0	0.0496	0	0.074	0	0.043	0	0.0124	0	0.062	0	0	0	0	0	0	0	0	0.0328	0.0264	0	0	0	0	0	0	0	0	0	0	0	0	0	0	0	0	0.0394	0	0	0	0	0	0.0016	0	0	0	0	0	0	0	0	0	0.0078	0	0	0	0	0	0	0	0	0	0	0	0	0	0	0	0	0	0	0	0	0	0	0	0	0	0	0	0	0	0	0	0	0	0	0	0	0.0026	0	0	0	0	0	0	0	0	0	0
"Plate2-H10"	0.5378	0.1204	0	0	0.0022	6e-04	0	0.0534	0	0.0476	0	0.0162	0	0.009	0	0.082	0	0	0	0	0	0	0	0	0.0288	0.0292	0	0	0	0	0	0	0	0	0	0	0	0	0	0	0	0	0.0306	0	0	0	0	0	0.0026	0	0	0	0	0	0	0	0	0	0.0062	0	0	0	0	0	0	0	0	0	0	0	0	0	0	0	0	0	0	0	0	0	0	0	0	0	0	0	0	0	0	0	0	0	0	0	0	0	0	0	0	0	0	0	0	0	0	0
"Plate2-H11"	0.5274	0.127	0	0	8e-04	0.0012	0	0.0306	0	0.0576	0	0.0246	0	0.0104	0	0.02	0	0	0	0	0	0	0	0.0208	0.0126	0.014	0	0	0	0	0	0	0	0	0	0	0	0	0	0	0	0	0	0	0	0	0	0	0.0018	0	0.0092	0	0	0	0	0	0	0	0.0012	0	0	0	0	0	0	0	0	0	0	0	0	0	0	0	0	0	0	0	0	0	0	0	0	0	0	0	0	0	0	0	0	0	0	0	0	0	0	0	0	0	0	0	0	0	0	0
"Plate3-A08"	0.5646	0	0	6e-04	0.0122	0.002	0	0.0676	0	0	0	0.035	0	0	0	0.1124	0	0.038	0	0	0	0	0	0	0	0	0	0	0	0	0	0	0	0	0	0	0	0	0	0	0	0	0	0	0	0	0	0	0	0	0	0	0	0	0	0	0	0	0.0116	0	0	0	0	0	0	0	0	0	0	0	0	0	0	0	0	0	0	0	0	0	0	0	0	0	0	0	0	0	0	0	0	0	0	0	0	0	0	0	0	0	0	0	0	0	0	0
"Plate3-A09"	0.4712	0	0	0.0084	0.016	0	0	0.0488	0	0.0116	0	0.0082	0	0	0	0.1202	0	0.1396	0	0	0	0	0	0	0	0	0	0	0	0	0	0	0	0	0	0	0	0	0	0	0	0	0	0	0	0	0	0	0	0	0	0	0	0	0.002	0	0	0	0.0146	0	0	0	0	0	0	0	0	0	0	0	0	0	0	0	0	0	0	0	0	0	0	0	0	0	0	0	0	0	0	0	0	0	0	0	0	0	0	0	0	0	0	0	0	0	0	0
"Plate3-A10"	0.4614	0.1376	0	0	0.0014	0	0	0.0678	0	0	0	0.0114	0	0.012	0	0.1912	0	0	0	0	0	0	0	0	0	0	0	0	0	0	0	0	0	0	0	0	0	0	0	0	0	0	0	0	0	0	0	0	0	0	0	0	0	0	0	0	0	0	0.0212	0	0	0	0	0	0	0	0	0	0	0	0	0	0	0	0	0	0	0	0	0	0	0	0	0	0	0	0	0	0	0	0	0	0	0	0	0	0	0	0	0	0	0	0	0	0	0
"Plate3-A11"	0.5564	0.0584	0	8e-04	4e-04	0	0	0.0422	0	0	0	0.0384	0	0.0044	0	0.1142	0	0	0	0	0	0	0	0	0	0	0	0	0	0	0	0	0	0	0	0	0	0	0	0	0	0	0	0	0	0	0	0	0	0	0	0	0	0	0	0	0	0	0.0132	0	0	0	0	0	0	0	0	0	0	0	0	0	0	0	0	0	0	0	0	0	0	0	0	0	0	0	0	0	0	0	0	0	0	0	0	0	0	0	0	0	0	0	0	0	0	0
